canonical_node_id,label,category_large,category_small,category_name,all_category_smalls,current_question_ids,strong_available,exam_importance,safety_importance,clinical_reasoning,single_question_risk,strong_creation_feasibility,memorization_risk,balance_adjustment,source_quality_risk,priority_score,final_rank,recommended_pattern,reason,notes
KN0028,無痛性皮膚障害の自己管理,B,11,小児学,11,Q28,False,5,5,5,5,5,5,5,1,56,S,TYPE_J Clinical case → Intervention choice,小児学のsafety_priority。重要度5、Safety5、臨床推論5。別経路での確認価値を評価。,
KN0091,Uhthoff現象への冷却・休息,B,9,神経医学,9,Q91,False,5,5,5,5,5,5,5,1,56,S,TYPE_J Clinical case → Intervention choice,神経医学のintervention_selection。重要度5、Safety5、臨床推論5。別経路での確認価値を評価。,
KN0135,Pavlik harness装着中の皮膚圧迫・ずれを確認し自己調整を避ける,B,11,小児学,11,Q135,False,5,5,5,5,5,5,5,1,56,S,TYPE_J Clinical case → Intervention choice,小児学のsafety_priority。重要度5、Safety5、臨床推論5。別経路での確認価値を評価。,
KN0333,Down症候群児の頸部痛・歩容変化から環軸椎不安定性を疑う運動中止,B,11,小児学,11,Q336,False,5,5,5,5,5,5,5,1,56,S,TYPE_J Clinical case → Intervention choice,小児学のsafety_priority。重要度5、Safety5、臨床推論5。別経路での確認価値を評価。,
KN0473,離断性骨軟骨炎疑いで競技負荷を中止し専門評価へつなぐ判断,B,11,小児学,11,Q481,False,5,5,5,5,5,5,5,1,56,S,TYPE_J Clinical case → Intervention choice,小児学のsafety_priority。重要度5、Safety5、臨床推論5。別経路での確認価値を評価。,
KN0010,急な低酸素・呼吸困難への初期対応,C,16,運動器,16,Q10,False,5,5,5,5,5,5,4,1,55,S,TYPE_J Clinical case → Intervention choice,運動器のsafety_priority。重要度5、Safety5、臨床推論5。別経路での確認価値を評価。,
KN0011,自律神経過反射への初期対応,C,18,理学療法治療各論,18,Q11,False,5,5,5,5,5,5,4,1,55,S,TYPE_J Clinical case → Intervention choice,理学療法治療各論のsafety_priority。重要度5、Safety5、臨床推論5。別経路での確認価値を評価。,
KN0017,バイタルサインと人工呼吸器条件を監視しながら、端座位から立位へ段階的に離床を進めるへの介入選択,B,8,内科学,8,Q17,False,5,5,5,5,5,5,4,1,55,S,TYPE_J Clinical case → Intervention choice,内科学のintervention_selection。重要度5、Safety5、臨床推論5。別経路での確認価値を評価。,
KN0022,瘢痕拘縮予防のROM・伸張,C,16,運動器,16,Q22,False,5,5,5,5,5,5,4,1,55,S,TYPE_J Clinical case → Intervention choice,運動器のintervention_selection。重要度5、Safety5、臨床推論5。別経路での確認価値を評価。,
KN0043,本症例は6分間歩行後にSpO₂91％、Borg指数5まで変化しているため、運動中は酸素飽和度、呼吸困難などの自覚症状、心拍数や血圧を含む循環動態を継続的に監視し、安全な運動強度へ調,C,17,理学療法評価各論,17,Q43,False,5,5,5,5,5,5,4,1,55,S,TYPE_J Clinical case → Intervention choice,理学療法評価各論のsafety_priority。重要度5、Safety5、臨床推論5。別経路での確認価値を評価。,
KN0054,有酸素＋筋力運動の段階的実施,C,18,理学療法治療各論,18,Q54,False,5,5,5,5,5,5,4,1,55,S,TYPE_J Clinical case → Intervention choice,理学療法治療各論のintervention_selection。重要度5、Safety5、臨床推論5。別経路での確認価値を評価。,
KN0058,携帯酸素の安全な生活使用,B,8,内科学,8,Q58,False,5,5,5,5,5,5,4,1,55,S,TYPE_J Clinical case → Intervention choice,内科学のintervention_selection。重要度5、Safety5、臨床推論5。別経路での確認価値を評価。,
KN0073,末梢動脈疾患の歩行療法では、軽度から中等度の跛行が出現するまで歩き、疼痛が消失するまで休息して再開する方法を反復することで、歩行耐容能の改善を図る,C,18,理学療法治療各論,18,Q73,False,5,5,5,5,5,5,4,1,55,S,TYPE_J Clinical case → Intervention choice,理学療法治療各論のintervention_selection。重要度5、Safety5、臨床推論5。別経路での確認価値を評価。,
KN0083,運動時低酸素のモニタリング,C,17,理学療法評価各論,17,Q83,False,5,5,5,5,5,5,4,1,55,S,TYPE_J Clinical case → Intervention choice,理学療法評価各論のsafety_priority。重要度5、Safety5、臨床推論5。別経路での確認価値を評価。,
KN0093,退院後はバッテリー残量の確認・交換、ケーブルの引っ掛かり防止、機器携行などを自ら安全に行う必要があるため、実際の外出場面を想定して自己管理能力を確認する,B,8,内科学,8,Q93,False,5,5,5,5,5,5,4,1,55,S,TYPE_J Clinical case → Intervention choice,内科学のsafety_priority。重要度5、Safety5、臨床推論5。別経路での確認価値を評価。,
KN0102,立位時血圧低下への初期対応,C,18,理学療法治療各論,18,Q102,False,5,5,5,5,5,5,4,1,55,S,TYPE_J Clinical case → Intervention choice,理学療法治療各論のsafety_priority。重要度5、Safety5、臨床推論5。別経路での確認価値を評価。,
KN0103,段階的競技復帰では、症状が出た場合は無症状で実施できていた前段階へ戻し、十分な無症状期間を確認してから再び負荷を段階的に上げる時の優先対応,C,16,運動器,16,Q103,False,5,5,5,5,5,5,4,1,55,S,TYPE_J Clinical case → Intervention choice,運動器のsafety_priority。重要度5、Safety5、臨床推論5。別経路での確認価値を評価。,
KN0105,疼痛を皮膚損傷の警告として利用できないため、毎日の足部観察、靴内の異物や縫い目の確認、足幅や圧迫部位に配慮した靴選びを習慣化し、潰瘍への進行を防ぐことが重要である時の優先対応,B,8,内科学,8,Q105,False,5,5,5,5,5,5,4,1,55,S,TYPE_J Clinical case → Intervention choice,内科学のsafety_priority。重要度5、Safety5、臨床推論5。別経路での確認価値を評価。,
KN0132,足部痛の原因と皮膚・循環・運動機能を評価し、安全な運動療法を検討する,C,18,理学療法治療各論,18,Q132,False,5,5,5,5,5,5,4,1,55,S,TYPE_J Clinical case → Intervention choice,理学療法治療各論のsafety_priority。重要度5、Safety5、臨床推論5。別経路での確認価値を評価。,
KN0151,肩甲帯・腱板の動的安定性,C,16,運動器,16,Q152,False,5,5,5,5,5,5,4,1,55,S,TYPE_J Clinical case → Intervention choice,運動器のintervention_selection。重要度5、Safety5、臨床推論5。別経路での確認価値を評価。,
KN0163,シャント肢を避けた血圧測定,B,8,内科学,8,Q164,False,5,5,5,5,5,5,4,1,55,S,TYPE_J Clinical case → Intervention choice,内科学のsafety_priority。重要度5、Safety5、臨床推論5。別経路での確認価値を評価。,
KN0176,脊柱過屈曲を避けた生活動作,C,18,理学療法治療各論,18,Q177,False,5,5,5,5,5,5,4,1,55,S,TYPE_J Clinical case → Intervention choice,理学療法治療各論のsafety_priority。重要度5、Safety5、臨床推論5。別経路での確認価値を評価。,
KN0177,運動中低血糖への糖質摂取,C,17,理学療法評価各論,17,Q178,False,5,5,5,5,5,5,4,1,55,S,TYPE_J Clinical case → Intervention choice,理学療法評価各論のsafety_priority。重要度5、Safety5、臨床推論5。別経路での確認価値を評価。,
KN0197,運動中血圧低下・めまいで中止,C,17,理学療法評価各論,17,Q198,False,5,5,5,5,5,5,4,1,55,S,TYPE_J Clinical case → Intervention choice,理学療法評価各論のsafety_priority。重要度5、Safety5、臨床推論5。別経路での確認価値を評価。,
KN0281,胸痛・ST低下・運動時血圧低下に対する運動負荷中止,C,17,理学療法評価各論,17,Q283,False,5,5,5,5,5,5,4,1,55,S,TYPE_J Clinical case → Intervention choice,理学療法評価各論のsafety_priority。重要度5、Safety5、臨床推論5。別経路での確認価値を評価。,
KN0286,重度高カリウム血症時の運動中止と医師報告,C,17,理学療法評価各論,17,Q288,False,5,5,5,5,5,5,4,1,55,S,TYPE_J Clinical case → Intervention choice,理学療法評価各論のsafety_priority。重要度5、Safety5、臨床推論5。別経路での確認価値を評価。,
KN0287,安定した踵部黒色痂皮の除圧・保護と感染観察,C,18,理学療法治療各論,18,Q289,False,5,5,5,5,5,5,4,1,55,S,TYPE_J Clinical case → Intervention choice,理学療法治療各論のintervention_selection。重要度5、Safety5、臨床推論5。別経路での確認価値を評価。,
KN0301,症候性重度低ナトリウム血症の緊急対応,C,18,理学療法治療各論,18,Q303,False,5,5,5,5,5,5,4,1,55,S,TYPE_J Clinical case → Intervention choice,理学療法治療各論のsafety_priority。重要度5、Safety5、臨床推論5。別経路での確認価値を評価。,
KN0319,内シャントのスリル消失時の運動中止と速やかな報告,C,17,理学療法評価各論,17,Q321,False,5,5,5,5,5,5,4,1,55,S,TYPE_J Clinical case → Intervention choice,理学療法評価各論のsafety_priority。重要度5、Safety5、臨床推論5。別経路での確認価値を評価。,
KN0320,運動中低血糖に対する即時の糖質補給と運動中止,C,18,理学療法治療各論,18,Q322,False,5,5,5,5,5,5,4,1,55,S,TYPE_J Clinical case → Intervention choice,理学療法治療各論のsafety_priority。重要度5、Safety5、臨床推論5。別経路での確認価値を評価。,
KN0322,リンパ浮腫患者の発熱・発赤・熱感から蜂窩織炎を疑う緊急対応,C,18,理学療法治療各論,18,Q324,False,5,5,5,5,5,5,4,1,55,S,TYPE_J Clinical case → Intervention choice,理学療法治療各論のsafety_priority。重要度5、Safety5、臨床推論5。別経路での確認価値を評価。,
KN0331,尿閉・会陰部感覚低下を伴う馬尾症候群red flagへの緊急対応,C,17,理学療法評価各論,17,Q334,False,5,5,5,5,5,5,4,1,55,S,TYPE_J Clinical case → Intervention choice,理学療法評価各論のsafety_priority。重要度5、Safety5、臨床推論5。別経路での確認価値を評価。,
KN0458,上腕骨顆上骨折後の循環障害・コンパートメント症候群徴候の優先確認,C,16,運動器,16,Q466,False,5,5,5,5,5,5,4,1,55,S,TYPE_J Clinical case → Intervention choice,運動器のsafety_priority。重要度5、Safety5、臨床推論5。別経路での確認価値を評価。,
KN0463,VA-ECMO離床前のカニューレ固定・血行動態・回路安全確認,B,8,内科学,8,Q471,False,5,5,5,5,5,5,4,1,55,S,TYPE_J Clinical case → Intervention choice,内科学のsafety_priority。重要度5、Safety5、臨床推論5。別経路での確認価値を評価。,
KN1278,大腿骨近位部骨折術後の下腿腫脹・圧痛からDVTを疑いD-dimerを優先確認する,C,16,運動器,16,Q1294,False,5,5,5,5,5,5,4,1,55,S,TYPE_J Clinical case → Intervention choice,運動器のsafety_priority。重要度5、Safety5、臨床推論5。別経路での確認価値を評価。,
KN0013,易疲労性を踏まえた運動配慮,B,9,神経医学,9,Q13,False,5,4,5,5,5,5,5,1,54,S,TYPE_J Clinical case → Intervention choice,神経医学のintervention_selection。重要度5、Safety4、臨床推論5。別経路での確認価値を評価。,
KN0021,過剰収縮を避けた運動指導,B,9,神経医学,9,Q21,False,5,4,5,5,5,5,5,1,54,S,TYPE_J Clinical case → Intervention choice,神経医学のintervention_selection。重要度5、Safety4、臨床推論5。別経路での確認価値を評価。,
KN0026,過用を避けた中等度運動,B,9,神経医学,9,Q26,False,5,4,5,5,5,5,5,1,54,S,TYPE_J Clinical case → Intervention choice,神経医学のintervention_selection。重要度5、Safety4、臨床推論5。別経路での確認価値を評価。,
KN0175,視覚キューによるすくみ足対策,B,9,神経医学,9,Q176,False,5,4,5,5,5,5,5,1,54,S,TYPE_J Clinical case → Intervention choice,神経医学のintervention_selection。重要度5、Safety4、臨床推論5。別経路での確認価値を評価。,
KN0213,深部感覚低下に対する視覚代償を利用したバランス練習,B,9,神経医学,9,Q214,False,5,4,5,5,5,5,5,1,54,S,TYPE_J Clinical case → Intervention choice,神経医学のintervention_selection。重要度5、Safety4、臨床推論5。別経路での確認価値を評価。,
KN0388,骨転移患者の新規荷重時痛から病的骨折リスクを疑い運動を中止する,C,13,基礎運動学,13,Q393,False,5,5,5,5,5,5,3,1,54,S,TYPE_J Clinical case → Intervention choice,基礎運動学のsafety_priority。重要度5、Safety5、臨床推論5。別経路での確認価値を評価。,
KN0785,神経筋再教育の目的と適切な実施方法,A,5,教育学,5,Q793,False,5,4,5,5,5,5,5,1,54,S,TYPE_J Clinical case → Intervention choice,教育学のintervention_selection。重要度5、Safety4、臨床推論5。別経路での確認価値を評価。,
KN0029,休息を組み合わせた歩行訓練,C,15,動作分析学,15,Q29,False,5,5,5,5,5,5,2,1,53,S,TYPE_J Clinical case → Intervention choice,動作分析学のintervention_selection。重要度5、Safety5、臨床推論5。別経路での確認価値を評価。,
KN0048,運動時低酸素への条件再検討,C,15,動作分析学,15,Q48,False,5,5,5,5,5,5,2,1,53,S,TYPE_J Clinical case → Intervention choice,動作分析学のsafety_priority。重要度5、Safety5、臨床推論5。別経路での確認価値を評価。,
KN0100,模擬作業で緊急停止反応と安全確認能力を評価する,A,6,医学概論,6,Q100,False,5,5,5,5,5,5,2,1,53,S,TYPE_J Clinical case → Intervention choice,医学概論のsafety_priority。重要度5、Safety5、臨床推論5。別経路での確認価値を評価。,
KN0114,疼痛消失と機能確認後の段階復帰,C,15,動作分析学,15,Q114,False,5,5,5,5,5,5,2,1,53,S,TYPE_J Clinical case → Intervention choice,動作分析学のsafety_priority。重要度5、Safety5、臨床推論5。別経路での確認価値を評価。,
KN0182,SpO2＋呼吸困難モニタリング,C,15,動作分析学,15,Q183,False,5,5,5,5,5,5,2,1,53,S,TYPE_J Clinical case → Intervention choice,動作分析学のsafety_priority。重要度5、Safety5、臨床推論5。別経路での確認価値を評価。,
KN0187,安静時痛・蒼白・冷感で運動中止,C,15,動作分析学,15,Q188,False,5,5,5,5,5,5,2,1,53,S,TYPE_J Clinical case → Intervention choice,動作分析学のsafety_priority。重要度5、Safety5、臨床推論5。別経路での確認価値を評価。,
KN0192,運動中胸部圧迫感への中止・報告,C,15,動作分析学,15,Q193,False,5,5,5,5,5,5,2,1,53,S,TYPE_J Clinical case → Intervention choice,動作分析学のsafety_priority。重要度5、Safety5、臨床推論5。別経路での確認価値を評価。,
KN0237,感染性肺結核に対する空気感染予防策とN95使用,A,6,医学概論,6,Q238,False,5,5,5,5,5,5,2,1,53,S,TYPE_J Clinical case → Intervention choice,医学概論のsafety_priority。重要度5、Safety5、臨床推論5。別経路での確認価値を評価。,
KN0327,他動手指伸展痛を伴う急性コンパートメント症候群の識別,C,16,運動器,16,Q329,False,5,5,4,5,5,5,4,1,53,S,TYPE_F Result → Cause,運動器のfinding_interpretation。重要度5、Safety5、臨床推論4。別経路での確認価値を評価。,
KN0155,視覚FBを使った協調・バランス練習,C,13,基礎運動学,13,Q156,False,5,4,5,5,5,5,3,1,52,S,TYPE_J Clinical case → Intervention choice,基礎運動学のintervention_selection。重要度5、Safety4、臨床推論5。別経路での確認価値を評価。,
KN0676,神経原性ショックにおける低血圧・徐脈などの特徴,B,7,病理学,7,Q684,False,5,4,4,5,5,5,5,1,52,S,TYPE_F Result → Cause,病理学のfinding_interpretation。重要度5、Safety4、臨床推論4。別経路での確認価値を評価。,
KN0679,自分の感情を他者のものとして捉える投影の識別,B,12,臨床心理学,12,Q687,False,5,4,4,5,5,5,5,1,52,S,TYPE_F Result → Cause,臨床心理学のfinding_interpretation。重要度5、Safety4、臨床推論4。別経路での確認価値を評価。,
KN1288,大腿切断後の股関節屈曲拘縮を予防する肢位管理,A,6,医学概論,6,Q1305,False,5,4,5,5,5,5,2,1,51,S,TYPE_J Clinical case → Intervention choice,医学概論のintervention_selection。重要度5、Safety4、臨床推論5。別経路での確認価値を評価。,
KN0755,急性灰白髄炎（ポリオ）はポリオウイルス感染で脊髄前角細胞を障害する,B,7,病理学,7,Q763,False,5,5,2,5,4,5,5,1,49,S,TYPE_A Definition → Case,病理学のfact_recall。重要度5、Safety5、臨床推論2。別経路での確認価値を評価。,
KN0818,妊娠中の風疹感染は先天性風疹症候群を起こし、心疾患・白内障・難聴などの先天異常を生じうる,B,7,病理学,7,Q827,False,5,5,2,5,4,5,5,1,49,S,TYPE_A Definition → Case,病理学のfact_recall。重要度5、Safety5、臨床推論2。別経路での確認価値を評価。,
KN1149,下肢深部静脈血栓が遊離すると下大静脈から右心系を経て肺動脈へ到達し、肺塞栓症を起こす,A,1,解剖学,1,Q1162,False,4,5,2,5,4,5,4,1,46,S,TYPE_A Definition → Case,解剖学のfact_recall。重要度4、Safety5、臨床推論2。別経路での確認価値を評価。,
KN1187,外側皮質脊髄路は大脳皮質から脊髄前角へ下行する主要な随意運動路,A,1,解剖学,1,Q1201,False,4,4,2,5,4,5,4,2,45,S,TYPE_A Definition → Case,解剖学のfact_recall。重要度4、Safety4、臨床推論2。別経路での確認価値を評価。,short_question_context
KN0536,腱を叩いて筋が急速に伸張されると筋紡錘のIa求心性線維が興奮し、脊髄でα運動ニューロンを介して同じ筋を収縮させる伸張反射が起こる,A,2,生理学,2,Q544,False,4,4,2,5,4,5,4,1,44,S,TYPE_A Definition → Case,生理学のfact_recall。重要度4、Safety4、臨床推論2。別経路での確認価値を評価。,
KN0537,健常者の安静時呼吸の特徴,A,2,生理学,2,Q545,False,4,4,2,5,4,5,4,1,44,S,TYPE_A Definition → Case,生理学のfact_recall。重要度4、Safety4、臨床推論2。別経路での確認価値を評価。,
KN0663,痛覚は脊髄後角で二次ニューロンに交代し、対側へ交叉して脊髄側索の外側脊髄視床路を上行する,A,2,生理学,2,Q671,False,4,4,2,5,4,5,4,1,44,S,TYPE_A Definition → Case,生理学のfact_recall。重要度4、Safety4、臨床推論2。別経路での確認価値を評価。,
KN1138,過換気ではCO2が過剰に排出されPaCO2が低下し、呼吸性アルカローシスとなる,A,2,生理学,2,Q1150,False,4,4,2,5,4,5,4,1,44,S,TYPE_A Definition → Case,生理学のfact_recall。重要度4、Safety4、臨床推論2。別経路での確認価値を評価。,
KN0348,THA術後の急性呼吸困難・胸痛・低酸素から肺塞栓を疑う緊急対応,C,17,理学療法評価各論,17,Q351,False,5,5,5,5,5,5,4,1,55,A,TYPE_J Clinical case → Intervention choice,理学療法評価各論のsafety_priority。重要度5、Safety5、臨床推論5。別経路での確認価値を評価。,
KN0367,関節リウマチの頸椎不安定性red flagと徒手療法回避,C,18,理学療法治療各論,18,Q372,False,5,5,5,5,5,5,4,1,55,A,TYPE_J Clinical case → Intervention choice,理学療法治療各論のsafety_priority。重要度5、Safety5、臨床推論5。別経路での確認価値を評価。,
KN0371,自律神経過反射の誘因除去と緊急対応,C,18,理学療法治療各論,18,Q376,False,5,5,5,5,5,5,4,1,55,A,TYPE_J Clinical case → Intervention choice,理学療法治療各論のsafety_priority。重要度5、Safety5、臨床推論5。別経路での確認価値を評価。,
KN0379,TKA術後の発熱・発赤・排液から感染を疑う緊急対応,C,18,理学療法治療各論,18,Q384,False,5,5,5,5,5,5,4,1,55,A,TYPE_J Clinical case → Intervention choice,理学療法治療各論のsafety_priority。重要度5、Safety5、臨床推論5。別経路での確認価値を評価。,
KN0386,急性下肢動脈閉塞の6P徴候と緊急対応,C,18,理学療法治療各論,18,Q391,False,5,5,5,5,5,5,4,1,55,A,TYPE_J Clinical case → Intervention choice,理学療法治療各論のsafety_priority。重要度5、Safety5、臨床推論5。別経路での確認価値を評価。,
KN0390,重度血小板減少と出血徴候がある化学療法患者の運動中止,C,18,理学療法治療各論,18,Q395,False,5,5,5,5,5,5,4,1,55,A,TYPE_J Clinical case → Intervention choice,理学療法治療各論のsafety_priority。重要度5、Safety5、臨床推論5。別経路での確認価値を評価。,
KN0396,増悪する鮮血喀出時の排痰練習中止と医療対応,C,18,理学療法治療各論,18,Q401,False,5,5,5,5,5,5,4,1,55,A,TYPE_J Clinical case → Intervention choice,理学療法治療各論のsafety_priority。重要度5、Safety5、臨床推論5。別経路での確認価値を評価。,
KN0424,胸腔ドレーンの連続気泡からエアリークを疑い離床前に安全確認する判断,C,18,理学療法治療各論,18,Q432,False,5,5,5,5,5,5,4,1,55,A,TYPE_J Clinical case → Intervention choice,理学療法治療各論のsafety_priority。重要度5、Safety5、臨床推論5。別経路での確認価値を評価。,
KN0425,一方向性発声弁装着前の上気道開存・カフ脱気確認,C,18,理学療法治療各論,18,Q433,False,5,5,5,5,5,5,4,1,55,A,TYPE_J Clinical case → Intervention choice,理学療法治療各論のsafety_priority。重要度5、Safety5、臨床推論5。別経路での確認価値を評価。,
KN0428,湿性嗄声を不顕性誤嚥徴候として扱う嚥下安全判断,C,18,理学療法治療各論,18,Q436,False,5,5,5,5,5,5,4,1,55,A,TYPE_J Clinical case → Intervention choice,理学療法治療各論のsafety_priority。重要度5、Safety5、臨床推論5。別経路での確認価値を評価。,
KN0431,GBS急性期の自律神経障害を踏まえた離床時循環監視,C,17,理学療法評価各論,17,Q439,False,5,5,5,5,5,5,4,1,55,A,TYPE_J Clinical case → Intervention choice,理学療法評価各論のsafety_priority。重要度5、Safety5、臨床推論5。別経路での確認価値を評価。,
KN0441,脛骨疲労骨折を疑う限局圧痛・跳躍痛と負荷中止判断,C,18,理学療法治療各論,18,Q449,False,5,5,5,5,5,5,4,1,55,A,TYPE_J Clinical case → Intervention choice,理学療法治療各論のsafety_priority。重要度5、Safety5、臨床推論5。別経路での確認価値を評価。,
KN0464,大腿静脈CRRTカテーテルを保護した端座位離床,B,8,内科学,8,Q472,False,5,5,5,5,5,5,4,1,55,A,TYPE_J Clinical case → Intervention choice,内科学のsafety_priority。重要度5、Safety5、臨床推論5。別経路での確認価値を評価。,
KN0488,高血糖かつケトン陽性時の運動中止判断,C,18,理学療法治療各論,18,Q496,False,5,5,5,5,5,5,4,1,55,A,TYPE_J Clinical case → Intervention choice,理学療法治療各論のsafety_priority。重要度5、Safety5、臨床推論5。別経路での確認価値を評価。,
KN0489,副腎クリーゼを疑う低血圧・消化器症状への緊急対応,C,18,理学療法治療各論,18,Q497,False,5,5,5,5,5,5,4,1,55,A,TYPE_J Clinical case → Intervention choice,理学療法治療各論のsafety_priority。重要度5、Safety5、臨床推論5。別経路での確認価値を評価。,
KN0490,巨細胞性動脈炎を疑う頭痛・視覚症状への緊急医療連携,C,18,理学療法治療各論,18,Q498,False,5,5,5,5,5,5,4,1,55,A,TYPE_J Clinical case → Intervention choice,理学療法治療各論のsafety_priority。重要度5、Safety5、臨床推論5。別経路での確認価値を評価。,
KN0767,Guillain-Barré症候群急性進行期の呼吸・自律神経リスクを優先する判断,C,17,理学療法評価各論,17,Q775,False,5,5,5,5,5,5,4,1,55,A,TYPE_J Clinical case → Intervention choice,理学療法評価各論のsafety_priority。重要度5、Safety5、臨床推論5。別経路での確認価値を評価。,
KN1122,温熱で症状悪化を招く疾患を識別し禁忌を判断する,C,18,理学療法治療各論,18,Q1133,False,5,5,5,5,5,5,4,1,55,A,TYPE_J Clinical case → Intervention choice,理学療法治療各論のintervention_selection。重要度5、Safety5、臨床推論5。別経路での確認価値を評価。,
KN1333,歩行練習中の転倒後に患者の状態確認を最優先する,C,18,理学療法治療各論,18,Q1353,False,5,5,5,5,5,5,4,1,55,A,TYPE_J Clinical case → Intervention choice,理学療法治療各論のsafety_priority。重要度5、Safety5、臨床推論5。別経路での確認価値を評価。,
KN1426,C6完全脊髄損傷の頭痛・顔面紅潮・著明高血圧から自律神経過反射を疑い誘因を確認する,C,18,理学療法治療各論,18,Q1451,False,5,5,5,5,5,5,4,1,55,A,TYPE_J Clinical case → Intervention choice,理学療法治療各論のsafety_priority。重要度5、Safety5、臨床推論5。別経路での確認価値を評価。,
KN0039,デュシェンヌ型筋ジストロフィーでは下腿三頭筋短縮による尖足や拘縮が歩行能力低下を促進するため、歩行能力維持には関節拘縮予防と継続的な可動域管理を優先する,B,11,小児学,11,Q39,False,5,4,5,5,5,5,5,1,54,A,TYPE_J Clinical case → Intervention choice,小児学のintervention_selection。重要度5、Safety4、臨床推論5。別経路での確認価値を評価。,
KN0113,同時に廃用を防ぐため、医師、看護師、言語聴覚士などと連携し、安全な摂食条件を確認しながら離床と身体活動を進める,C,18,理学療法治療各論,18,Q113,False,5,5,5,5,4,5,4,1,54,A,TYPE_K Static knowledge → Applied judgment,理学療法治療各論のfunctional_goal_decision。重要度5、Safety5、臨床推論5。別経路での確認価値を評価。,
KN0172,援助要請と夜間環境の共同調整,C,18,理学療法治療各論,18,Q173,False,5,5,5,5,4,5,4,1,54,A,TYPE_K Static knowledge → Applied judgment,理学療法治療各論のfunctional_goal_decision。重要度5、Safety5、臨床推論5。別経路での確認価値を評価。,
KN0350,Duchenne型筋ジストロフィーで歩行維持のための拘縮予防,B,11,小児学,11,Q353,False,5,4,5,5,5,5,5,1,54,A,TYPE_J Clinical case → Intervention choice,小児学のintervention_selection。重要度5、Safety4、臨床推論5。別経路での確認価値を評価。,
KN0413,反射性腸管に対する規則的な排便プログラムと直腸刺激,B,9,神経医学,9,Q421,False,5,4,5,5,5,5,5,1,54,A,TYPE_J Clinical case → Intervention choice,神経医学のintervention_selection。重要度5、Safety4、臨床推論5。別経路での確認価値を評価。,
KN0438,成長期腰椎分離症疑いで伸展負荷を避ける初期対応,B,11,小児学,11,Q446,False,5,4,5,5,5,5,5,1,54,A,TYPE_J Clinical case → Intervention choice,小児学のintervention_selection。重要度5、Safety4、臨床推論5。別経路での確認価値を評価。,
KN0486,炎症安定期JIAで関節負担を抑えた運動療法,B,11,小児学,11,Q494,False,5,4,5,5,5,5,5,1,54,A,TYPE_J Clinical case → Intervention choice,小児学のintervention_selection。重要度5、Safety4、臨床推論5。別経路での確認価値を評価。,
KN0487,Osgood-Schlatter病で疼痛誘発負荷を調整する初期指導,B,11,小児学,11,Q495,False,5,4,5,5,5,5,5,1,54,A,TYPE_J Clinical case → Intervention choice,小児学のintervention_selection。重要度5、Safety4、臨床推論5。別経路での確認価値を評価。,
KN0518,脳卒中片麻痺者の応用歩行練習について麻痺側から行う場合が多いのはどれに対する適切な介入・支援選択,B,9,神経医学,9,Q526,False,5,4,5,5,5,5,5,1,54,A,TYPE_J Clinical case → Intervention choice,神経医学のintervention_selection。重要度5、Safety4、臨床推論5。別経路での確認価値を評価。,
KN0763,Broca失語患者とのコミュニケーション方法を選択する,B,9,神経医学,9,Q771,False,5,4,5,5,5,5,5,1,54,A,TYPE_J Clinical case → Intervention choice,神経医学のintervention_selection。重要度5、Safety4、臨床推論5。別経路での確認価値を評価。,
KN0791,脳卒中左片麻痺患者のADL練習における安全な自立支援,B,9,神経医学,9,Q799,False,5,4,5,5,5,5,5,1,54,A,TYPE_J Clinical case → Intervention choice,神経医学のintervention_selection。重要度5、Safety4、臨床推論5。別経路での確認価値を評価。,
KN0837,GMFCS III脳性麻痺児の自立駆動に合う車椅子設定,B,11,小児学,11,Q846,False,5,4,5,5,5,5,5,1,54,A,TYPE_J Clinical case → Intervention choice,小児学のdevice_selection。重要度5、Safety4、臨床推論5。別経路での確認価値を評価。,
KN0973,内反尖足・膝ロッキングに対するダブルクレンザックAFO設定,B,9,神経医学,9,Q983,False,5,4,5,5,5,5,5,1,54,A,TYPE_J Clinical case → Intervention choice,神経医学のdevice_selection。重要度5、Safety4、臨床推論5。別経路での確認価値を評価。,
KN1039,複雑部分発作で歩き回る患者を刺激せず安全確保しながら付き添う対応,B,9,神経医学,9,Q1049,False,5,4,5,5,5,5,5,1,54,A,TYPE_J Clinical case → Intervention choice,神経医学のsafety_priority。重要度5、Safety4、臨床推論5。別経路での確認価値を評価。,
KN1308,脳卒中回復期の嚥下障害に対する安全な栄養経路選択,B,9,神経医学,9,Q1328,False,5,4,5,5,5,5,5,1,54,A,TYPE_J Clinical case → Intervention choice,神経医学のintervention_selection。重要度5、Safety4、臨床推論5。別経路での確認価値を評価。,
KN1373,COPDなどに用いる口すぼめ呼吸を適切に指導する,A,5,教育学,5,Q1397,False,5,4,5,5,5,5,5,1,54,A,TYPE_J Clinical case → Intervention choice,教育学のintervention_selection。重要度5、Safety4、臨床推論5。別経路での確認価値を評価。,
KN1418,焦点意識減損発作で徘徊する患者の周囲から危険物を除去して安全確保する,B,9,神経医学,9,Q1443,False,5,4,5,5,5,5,5,1,54,A,TYPE_J Clinical case → Intervention choice,神経医学のsafety_priority。重要度5、Safety4、臨床推論5。別経路での確認価値を評価。,
KN0004,AT/Borgによる運動強度設定,C,17,理学療法評価各論,17,Q4,False,5,4,5,5,5,5,4,1,53,A,TYPE_J Clinical case → Intervention choice,理学療法評価各論のintervention_selection。重要度5、Safety4、臨床推論5。別経路での確認価値を評価。,
KN0015,創部を支持して疼痛を軽減しながら深呼吸と有効な咳嗽を練習し、病棟内歩行などの離床を継続して肺合併症を予防する,C,18,理学療法治療各論,18,Q15,False,5,4,5,5,5,5,4,1,53,A,TYPE_J Clinical case → Intervention choice,理学療法治療各論のintervention_selection。重要度5、Safety4、臨床推論5。別経路での確認価値を評価。,
KN0018,関節へ過度な負担をかけない把持方法や道具の使用を指導し、変形を助長しない範囲で手指機能練習を行うことで、家事を含む生活機能の維持を図る,C,16,運動器,16,Q18,False,5,4,5,5,5,5,4,1,53,A,TYPE_J Clinical case → Intervention choice,運動器のintervention_selection。重要度5、Safety4、臨床推論5。別経路での確認価値を評価。,
KN0044,母指MP関節の軽度過伸展もあるため、関節へ集中する負荷を減らす把持方法を指導し、必要に応じて装具でCM関節を支持して日常生活動作を改善する,C,18,理学療法治療各論,18,Q44,False,5,4,5,5,5,5,4,1,53,A,TYPE_J Clinical case → Intervention choice,理学療法治療各論のintervention_selection。重要度5、Safety4、臨床推論5。別経路での確認価値を評価。,
KN0063,症状と足部状態を確認しながら反復し、歩行耐容能の改善を図る,B,8,内科学,8,Q63,False,5,4,5,5,5,5,4,1,53,A,TYPE_J Clinical case → Intervention choice,内科学のintervention_selection。重要度5、Safety4、臨床推論5。別経路での確認価値を評価。,
KN0095,自己モニタリングによる再入院予防,C,18,理学療法治療各論,18,Q95,False,5,4,5,5,5,5,4,1,53,A,TYPE_J Clinical case → Intervention choice,理学療法治療各論のintervention_selection。重要度5、Safety4、臨床推論5。別経路での確認価値を評価。,
KN0110,運動＋住環境調整,C,18,理学療法治療各論,18,Q110,False,5,4,5,5,5,5,4,1,53,A,TYPE_J Clinical case → Intervention choice,理学療法治療各論のintervention_selection。重要度5、Safety4、臨床推論5。別経路での確認価値を評価。,
KN0115,歩行とADLは自立しているが、複数課題を同時に行うと反応が遅れるを評価する,C,17,理学療法評価各論,17,Q115,False,5,5,4,5,5,5,4,1,53,A,TYPE_K Static knowledge → Applied judgment,理学療法評価各論のassessment_selection。重要度5、Safety5、臨床推論4。別経路での確認価値を評価。,
KN0118,現在の主な機能障害は骨折後の肩関節拘縮であるため、組織の反応と疼痛を確認しながら関節運動と伸張を行い、屈曲・外旋可動域の改善を優先する,C,16,運動器,16,Q118,False,5,4,5,5,5,5,4,1,53,A,TYPE_J Clinical case → Intervention choice,運動器のintervention_selection。重要度5、Safety4、臨床推論5。別経路での確認価値を評価。,
KN0120,家事でのエネルギー節約,C,18,理学療法治療各論,18,Q120,False,5,4,5,5,5,5,4,1,53,A,TYPE_J Clinical case → Intervention choice,理学療法治療各論のintervention_selection。重要度5、Safety4、臨床推論5。別経路での確認価値を評価。,
KN0125,荷重運動＋筋力＋転倒予防,C,18,理学療法治療各論,18,Q125,False,5,4,5,5,5,5,4,1,53,A,TYPE_J Clinical case → Intervention choice,理学療法治療各論のintervention_selection。重要度5、Safety4、臨床推論5。別経路での確認価値を評価。,
KN0127,中等度有酸素＋筋力訓練,C,18,理学療法治療各論,18,Q127,False,5,4,5,5,5,5,4,1,53,A,TYPE_J Clinical case → Intervention choice,理学療法治療各論のintervention_selection。重要度5、Safety4、臨床推論5。別経路での確認価値を評価。,
KN0129,外的目印と簡潔指示による転倒予防,C,18,理学療法治療各論,18,Q129,False,5,4,5,5,5,5,4,1,53,A,TYPE_J Clinical case → Intervention choice,理学療法治療各論のintervention_selection。重要度5、Safety4、臨床推論5。別経路での確認価値を評価。,
KN0136,涼しい時間帯＋休息で運動調整,C,18,理学療法治療各論,18,Q136,False,5,4,5,5,5,5,4,1,53,A,TYPE_J Clinical case → Intervention choice,理学療法治療各論のintervention_selection。重要度5、Safety4、臨床推論5。別経路での確認価値を評価。,
KN0138,軽中等度跛行までの間欠歩行,C,18,理学療法治療各論,18,Q138,False,5,4,5,5,5,5,4,1,53,A,TYPE_J Clinical case → Intervention choice,理学療法治療各論のintervention_selection。重要度5、Safety4、臨床推論5。別経路での確認価値を評価。,
KN0143,ウォームアップ後の中等度運動,C,18,理学療法治療各論,18,Q143,False,5,4,5,5,5,5,4,1,53,A,TYPE_J Clinical case → Intervention choice,理学療法治療各論のintervention_selection。重要度5、Safety4、臨床推論5。別経路での確認価値を評価。,
KN0152,歩行＋休息で総運動時間確保,C,17,理学療法評価各論,17,Q153,False,5,4,5,5,5,5,4,1,53,A,TYPE_J Clinical case → Intervention choice,理学療法評価各論のintervention_selection。重要度5、Safety4、臨床推論5。別経路での確認価値を評価。,
KN0154,段差視認性＋履物＋段差練習,C,18,理学療法治療各論,18,Q155,False,5,4,5,5,5,5,4,1,53,A,TYPE_J Clinical case → Intervention choice,理学療法治療各論のintervention_selection。重要度5、Safety4、臨床推論5。別経路での確認価値を評価。,
KN0157,症状監視下の中等度運動開始,B,8,内科学,8,Q158,False,5,4,5,5,5,5,4,1,53,A,TYPE_J Clinical case → Intervention choice,内科学のintervention_selection。重要度5、Safety4、臨床推論5。別経路での確認価値を評価。,
KN0158,意思選択を活用した安全な遊び,B,11,小児学,11,Q159,False,5,4,5,5,4,5,5,1,53,A,TYPE_K Static knowledge → Applied judgment,小児学のfunctional_goal_decision。重要度5、Safety4、臨床推論5。別経路での確認価値を評価。,
KN0164,tenodesis grasp,C,18,理学療法治療各論,18,Q165,False,5,4,5,5,5,5,4,1,53,A,TYPE_J Clinical case → Intervention choice,理学療法治療各論のintervention_selection。重要度5、Safety4、臨床推論5。別経路での確認価値を評価。,
KN0173,保護下の早期荷重・運動,C,16,運動器,16,Q174,False,5,4,5,5,5,5,4,1,53,A,TYPE_J Clinical case → Intervention choice,運動器のintervention_selection。重要度5、Safety4、臨床推論5。別経路での確認価値を評価。,
KN0185,方向転換練習＋住環境調整,C,17,理学療法評価各論,17,Q186,False,5,4,5,5,5,5,4,1,53,A,TYPE_J Clinical case → Intervention choice,理学療法評価各論のintervention_selection。重要度5、Safety4、臨床推論5。別経路での確認価値を評価。,
KN0199,日中はつまずかず、下肢筋力、TUG、認知機能も大きく低下していない一方、夜間の消灯した廊下で3回つまずき、床には延長コードと敷物があるに対する機器選択,C,18,理学療法治療各論,18,Q200,False,5,4,5,5,5,5,4,1,53,A,TYPE_J Clinical case → Intervention choice,理学療法治療各論のdevice_selection。重要度5、Safety4、臨床推論5。別経路での確認価値を評価。,
KN0217,安定期心不全に対する低〜中等度負荷レジスタンストレーニング,C,18,理学療法治療各論,18,Q218,False,5,4,5,5,5,5,4,1,53,A,TYPE_J Clinical case → Intervention choice,理学療法治療各論のintervention_selection。重要度5、Safety4、臨床推論5。別経路での確認価値を評価。,
KN0218,GBS回復期における過用を避けた段階的運動量調整,C,18,理学療法治療各論,18,Q219,False,5,4,5,5,5,5,4,1,53,A,TYPE_J Clinical case → Intervention choice,理学療法治療各論のintervention_selection。重要度5、Safety4、臨床推論5。別経路での確認価値を評価。,
KN0219,自宅環境を想定した退院前の段差昇降練習,C,18,理学療法治療各論,18,Q220,False,5,4,5,5,5,5,4,1,53,A,TYPE_J Clinical case → Intervention choice,理学療法治療各論のintervention_selection。重要度5、Safety4、臨床推論5。別経路での確認価値を評価。,
KN0229,社会参加再開に向けた公共交通・人混みを想定した実環境移動練習,C,18,理学療法治療各論,18,Q230,False,5,4,5,5,5,5,4,1,53,A,TYPE_J Clinical case → Intervention choice,理学療法治療各論のintervention_selection。重要度5、Safety4、臨床推論5。別経路での確認価値を評価。,
KN0321,安定した間欠性跛行に対する症状を許容した反復歩行訓練,B,8,内科学,8,Q323,False,5,4,5,5,5,5,4,1,53,A,TYPE_J Clinical case → Intervention choice,内科学のintervention_selection。重要度5、Safety4、臨床推論5。別経路での確認価値を評価。,
KN0329,前頸部熱傷瘢痕拘縮を予防する頸部伸展位,C,16,運動器,16,Q331,False,5,4,5,5,5,5,4,1,53,A,TYPE_J Clinical case → Intervention choice,運動器のintervention_selection。重要度5、Safety4、臨床推論5。別経路での確認価値を評価。,
KN0337,皮膚所見と安静時症状の組合せを重視する時の優先対応,C,18,理学療法治療各論,18,Q340,False,5,4,5,5,5,5,4,1,53,A,TYPE_J Clinical case → Intervention choice,理学療法治療各論のsafety_priority。重要度5、Safety4、臨床推論5。別経路での確認価値を評価。,
KN0355,体重増加・浮腫・夜間呼吸困難を伴う心不全増悪時の運動見合わせ,B,8,内科学,8,Q358,False,5,4,5,5,5,5,4,1,53,A,TYPE_J Clinical case → Intervention choice,内科学のsafety_priority。重要度5、Safety4、臨床推論5。別経路での確認価値を評価。,
KN0356,呼吸音消失・気管偏位・循環不安定から緊張性気胸を識別する,B,8,内科学,8,Q359,False,5,5,4,5,5,5,4,1,53,A,TYPE_F Result → Cause,内科学のfinding_interpretation。重要度5、Safety5、臨床推論4。別経路での確認価値を評価。,
KN0365,運動中の著明なSpO₂低下と症状出現時に運動を中止する,C,15,動作分析学,15,Q370,False,5,5,5,5,5,5,2,1,53,A,TYPE_J Clinical case → Intervention choice,動作分析学のsafety_priority。重要度5、Safety5、臨床推論5。別経路での確認価値を評価。,
KN0374,高CO2血症リスクCOPD急性増悪時の目標SpO2 88〜92％,B,8,内科学,8,Q379,False,5,4,5,5,5,5,4,1,53,A,TYPE_J Clinical case → Intervention choice,内科学のintervention_selection。重要度5、Safety4、臨床推論5。別経路での確認価値を評価。,
KN0380,糖尿病性神経障害患者の熱感・腫脹からCharcot足を疑い荷重を止める,C,18,理学療法治療各論,18,Q385,False,5,4,5,5,5,5,4,1,53,A,TYPE_J Clinical case → Intervention choice,理学療法治療各論のsafety_priority。重要度5、Safety4、臨床推論5。別経路での確認価値を評価。,
KN0382,椎体骨折リスクがある骨粗鬆症で体幹屈曲運動を避ける,C,18,理学療法治療各論,18,Q387,False,5,4,5,5,5,5,4,1,53,A,TYPE_J Clinical case → Intervention choice,理学療法治療各論のsafety_priority。重要度5、Safety4、臨床推論5。別経路での確認価値を評価。,
KN0384,NMESで避けるべき頸動脈洞など高リスク電極配置,C,18,理学療法治療各論,18,Q389,False,5,4,5,5,5,5,4,1,53,A,TYPE_J Clinical case → Intervention choice,理学療法治療各論のsafety_priority。重要度5、Safety4、臨床推論5。別経路での確認価値を評価。,
KN0387,透析内シャント側上肢の圧迫・血圧測定・高負荷回避,C,17,理学療法評価各論,17,Q392,False,5,4,5,5,5,5,4,1,53,A,TYPE_J Clinical case → Intervention choice,理学療法評価各論のintervention_selection。重要度5、Safety4、臨床推論5。別経路での確認価値を評価。,
KN0389,脊髄損傷の起立性低血圧に対する段階的起立・圧迫・循環適応,C,18,理学療法治療各論,18,Q394,False,5,4,5,5,5,5,4,1,53,A,TYPE_J Clinical case → Intervention choice,理学療法治療各論のintervention_selection。重要度5、Safety4、臨床推論5。別経路での確認価値を評価。,
KN0397,半月板縫合術後早期に深屈曲・回旋を制限して剪断を避ける,C,18,理学療法治療各論,18,Q402,False,5,4,5,5,5,5,4,1,53,A,TYPE_J Clinical case → Intervention choice,理学療法治療各論のsafety_priority。重要度5、Safety4、臨床推論5。別経路での確認価値を評価。,
KN0398,脊髄損傷後の異所性骨化を疑う熱感・腫脹・急速なROM低下への対応,C,18,理学療法治療各論,18,Q404,False,5,4,5,5,5,5,4,1,53,A,TYPE_J Clinical case → Intervention choice,理学療法治療各論のsafety_priority。重要度5、Safety4、臨床推論5。別経路での確認価値を評価。,
KN0401,ABI正常の静脈性潰瘍に対する圧迫療法,C,17,理学療法評価各論,17,Q407,False,5,4,5,5,5,5,4,1,53,A,TYPE_J Clinical case → Intervention choice,理学療法評価各論のintervention_selection。重要度5、Safety4、臨床推論5。別経路での確認価値を評価。,
KN0409,心臓移植後の除神経心に配慮した長めのウォームアップ・クールダウン,B,8,内科学,8,Q416,False,5,4,5,5,5,5,4,1,53,A,TYPE_J Clinical case → Intervention choice,内科学のintervention_selection。重要度5、Safety4、臨床推論5。別経路での確認価値を評価。,
KN0418,ポリオ後症候群で過用を避けた低〜中等度運動,C,18,理学療法治療各論,18,Q426,False,5,4,5,5,5,5,4,1,53,A,TYPE_J Clinical case → Intervention choice,理学療法治療各論のintervention_selection。重要度5、Safety4、臨床推論5。別経路での確認価値を評価。,
KN0421,手背熱傷の変形予防に用いるintrinsic-plus位,C,16,運動器,16,Q429,False,5,4,5,5,5,5,4,1,53,A,TYPE_J Clinical case → Intervention choice,運動器のintervention_selection。重要度5、Safety4、臨床推論5。別経路での確認価値を評価。,
KN0426,片側肺炎で換気血流比を改善する健側下側臥位,B,8,内科学,8,Q434,False,5,4,5,5,5,5,4,1,53,A,TYPE_J Clinical case → Intervention choice,内科学のintervention_selection。重要度5、Safety4、臨床推論5。別経路での確認価値を評価。,
KN0432,Huntington病の不随意運動と姿勢不安定性に対する安全な反復練習,C,18,理学療法治療各論,18,Q440,False,5,4,5,5,5,5,4,1,53,A,TYPE_J Clinical case → Intervention choice,理学療法治療各論のintervention_selection。重要度5、Safety4、臨床推論5。別経路での確認価値を評価。,
KN0433,けいれん後の肩内転内旋固定から後方肩関節脱臼を識別,C,16,運動器,16,Q441,False,5,5,4,5,5,5,4,1,53,A,TYPE_F Result → Cause,運動器のfinding_interpretation。重要度5、Safety5、臨床推論4。別経路での確認価値を評価。,
KN0440,膝蓋腱症に対する段階的腱負荷運動,C,18,理学療法治療各論,18,Q448,False,5,4,5,5,5,5,4,1,53,A,TYPE_J Clinical case → Intervention choice,理学療法治療各論のintervention_selection。重要度5、Safety4、臨床推論5。別経路での確認価値を評価。,
KN0442,血友病性関節内出血急性期の保護・止血を優先する判断,B,8,内科学,8,Q450,False,5,4,5,5,5,5,4,1,53,A,TYPE_J Clinical case → Intervention choice,内科学のsafety_priority。重要度5、Safety4、臨床推論5。別経路での確認価値を評価。,
KN0459,舟状骨骨折疑いでは初回X線陰性でも固定し再評価する,C,18,理学療法治療各論,18,Q467,False,5,4,5,5,5,5,4,1,53,A,TYPE_J Clinical case → Intervention choice,理学療法治療各論のsafety_priority。重要度5、Safety4、臨床推論5。別経路での確認価値を評価。,
KN0460,槌指に対するDIP伸展位連続固定,C,18,理学療法治療各論,18,Q468,False,5,4,5,5,5,5,4,1,53,A,TYPE_J Clinical case → Intervention choice,理学療法治療各論のintervention_selection。重要度5、Safety4、臨床推論5。別経路での確認価値を評価。,
KN0462,大腿四頭筋打撲後の骨化性筋炎予防で強いマッサージ・過度伸張を避ける判断,C,16,運動器,16,Q470,False,5,4,5,5,5,5,4,1,53,A,TYPE_J Clinical case → Intervention choice,運動器のsafety_priority。重要度5、Safety4、臨床推論5。別経路での確認価値を評価。,
KN0472,食後低血圧に対する少量頻回食などの生活指導,C,18,理学療法治療各論,18,Q480,False,5,4,5,5,5,5,4,1,53,A,TYPE_J Clinical case → Intervention choice,理学療法治療各論のintervention_selection。重要度5、Safety4、臨床推論5。別経路での確認価値を評価。,
KN0499,52 歳の女性に対する適切な介入・支援選択,C,18,理学療法治療各論,18,Q507,False,5,4,5,5,5,5,4,1,53,A,TYPE_J Clinical case → Intervention choice,理学療法治療各論のintervention_selection。重要度5、Safety4、臨床推論5。別経路での確認価値を評価。,
KN0516,工場生産労働者の腰痛対策として、産業理学療法の観点から優先度が低いのに対する適切な介入・支援選択,C,18,理学療法治療各論,18,Q524,False,5,4,5,5,5,5,4,1,53,A,TYPE_J Clinical case → Intervention choice,理学療法治療各論のintervention_selection。重要度5、Safety4、臨床推論5。別経路での確認価値を評価。,
KN0517,超音波治療が可能なのはどれかに対する適切な介入・支援選択,C,18,理学療法治療各論,18,Q525,False,5,4,5,5,5,5,4,1,53,A,TYPE_J Clinical case → Intervention choice,理学療法治療各論のintervention_selection。重要度5、Safety4、臨床推論5。別経路での確認価値を評価。,
KN0519,部分損傷をきたした靱帯と強化すべき筋の組合せで適切なのはどれかに対する適切な介入・支援選択,C,18,理学療法治療各論,18,Q527,False,5,4,5,5,5,5,4,1,53,A,TYPE_J Clinical case → Intervention choice,理学療法治療各論のintervention_selection。重要度5、Safety4、臨床推論5。別経路での確認価値を評価。,
KN0520,エネルギー蓄積機能によって大きな推進力を得る目的で使われる義足の足部に対する適切な介入・支援選択,C,18,理学療法治療各論,18,Q528,False,5,4,5,5,5,5,4,1,53,A,TYPE_J Clinical case → Intervention choice,理学療法治療各論のdevice_selection。重要度5、Safety4、臨床推論5。別経路での確認価値を評価。,
KN0578,転位のない大腿骨転子部骨折に対する観血的整復固定術後の理学療法としてに対する適切な介入・支援選択,C,18,理学療法治療各論,18,Q586,False,5,4,5,5,5,5,4,1,53,A,TYPE_J Clinical case → Intervention choice,理学療法治療各論のintervention_selection。重要度5、Safety4、臨床推論5。別経路での確認価値を評価。,
KN0580,白杖を使用している視覚障害者の介助の特徴,C,18,理学療法治療各論,18,Q588,False,5,4,5,5,5,5,4,1,53,A,TYPE_J Clinical case → Intervention choice,理学療法治療各論のintervention_selection。重要度5、Safety4、臨床推論5。別経路での確認価値を評価。,
KN0615,摂食嚥下障害への対応の基本事項,B,8,内科学,8,Q623,False,5,4,5,5,5,5,4,1,53,A,TYPE_J Clinical case → Intervention choice,内科学のintervention_selection。重要度5、Safety4、臨床推論5。別経路での確認価値を評価。,
KN0633,内反足に対する靴補正の選択,C,18,理学療法治療各論,18,Q641,False,5,4,5,5,5,5,4,1,53,A,TYPE_J Clinical case → Intervention choice,理学療法治療各論のdevice_selection。重要度5、Safety4、臨床推論5。別経路での確認価値を評価。,
KN0645,腹圧性尿失禁に対する骨盤底筋群の筋力強化,C,18,理学療法治療各論,18,Q653,False,5,4,5,5,5,5,4,1,53,A,TYPE_J Clinical case → Intervention choice,理学療法治療各論のintervention_selection。重要度5、Safety4、臨床推論5。別経路での確認価値を評価。,
KN0648,脊髄損傷による対麻痺患者に対して立位・歩行練習を行う目的として誤っているのはどれかに対する適切な介入・装具・支援を選択する,C,18,理学療法治療各論,18,Q656,False,5,4,5,5,5,5,4,1,53,A,TYPE_J Clinical case → Intervention choice,理学療法治療各論のintervention_selection。重要度5、Safety4、臨床推論5。別経路での確認価値を評価。,
KN0697,重症COPDに対する有酸素運動強度の設定,C,17,理学療法評価各論,17,Q705,False,5,4,5,5,5,5,4,1,53,A,TYPE_J Clinical case → Intervention choice,理学療法評価各論のintervention_selection。重要度5、Safety4、臨床推論5。別経路での確認価値を評価。,
KN0707,下腿義足のつま先浮き上がり・膝折れ傾向に対するソケットアライメント調整,C,18,理学療法治療各論,18,Q715,False,5,4,5,5,5,5,4,1,53,A,TYPE_J Clinical case → Intervention choice,理学療法治療各論のdevice_selection。重要度5、Safety4、臨床推論5。別経路での確認価値を評価。,
KN0715,運動療法の適応・目的・負荷設定の基本原則,C,18,理学療法治療各論,18,Q723,False,5,4,5,5,5,5,4,1,53,A,TYPE_J Clinical case → Intervention choice,理学療法治療各論のintervention_selection。重要度5、Safety4、臨床推論5。別経路での確認価値を評価。,
KN0765,Parkinson病の小刻み・突進・すくみ足に対する歩行練習,C,18,理学療法治療各論,18,Q773,False,5,4,5,5,5,5,4,1,53,A,TYPE_J Clinical case → Intervention choice,理学療法治療各論のintervention_selection。重要度5、Safety4、臨床推論5。別経路での確認価値を評価。,
KN0768,Sharrard分類に応じた二分脊椎児の歩行練習・装具選択,C,18,理学療法治療各論,18,Q776,False,5,4,5,5,5,5,4,1,53,A,TYPE_J Clinical case → Intervention choice,理学療法治療各論のintervention_selection。重要度5、Safety4、臨床推論5。別経路での確認価値を評価。,
KN0769,広範囲熱傷・植皮術後早期の拘縮予防と創部保護を両立する理学療法,C,18,理学療法治療各論,18,Q777,False,5,4,5,5,5,5,4,1,53,A,TYPE_J Clinical case → Intervention choice,理学療法治療各論のintervention_selection。重要度5、Safety4、臨床推論5。別経路での確認価値を評価。,
KN0776,大腿義足遊脚期の振り出し速度を制御する膝継手機構,C,18,理学療法治療各論,18,Q784,False,5,4,5,5,5,5,4,1,53,A,TYPE_J Clinical case → Intervention choice,理学療法治療各論のdevice_selection。重要度5、Safety4、臨床推論5。別経路での確認価値を評価。,
KN0783,関節可動域運動の適応と実施原則,C,18,理学療法治療各論,18,Q791,False,5,4,5,5,5,5,4,1,53,A,TYPE_J Clinical case → Intervention choice,理学療法治療各論のintervention_selection。重要度5、Safety4、臨床推論5。別経路での確認価値を評価。,
KN0784,対象筋の作用方向に沿った求心性抵抗運動の選択,C,18,理学療法治療各論,18,Q792,False,5,4,5,5,5,5,4,1,53,A,TYPE_J Clinical case → Intervention choice,理学療法治療各論のintervention_selection。重要度5、Safety4、臨床推論5。別経路での確認価値を評価。,
KN0787,外側ストラップ付き金属支柱AFOの適応選択,C,18,理学療法治療各論,18,Q795,False,5,4,5,5,5,5,4,1,53,A,TYPE_J Clinical case → Intervention choice,理学療法治療各論のdevice_selection。重要度5、Safety4、臨床推論5。別経路での確認価値を評価。,
KN0789,慢性腰痛に対する認知行動療法の適切な介入原則,C,18,理学療法治療各論,18,Q797,False,5,4,5,5,5,5,4,1,53,A,TYPE_J Clinical case → Intervention choice,理学療法治療各論のintervention_selection。重要度5、Safety4、臨床推論5。別経路での確認価値を評価。,
KN0792,多発性筋炎回復初期の過用を避けた段階的運動療法,C,18,理学療法治療各論,18,Q800,False,5,4,5,5,5,5,4,1,53,A,TYPE_J Clinical case → Intervention choice,理学療法治療各論のintervention_selection。重要度5、Safety4、臨床推論5。別経路での確認価値を評価。,
KN0793,Down症候群乳児期の低緊張・関節弛緩を踏まえた運動発達支援,C,18,理学療法治療各論,18,Q801,False,5,4,5,5,5,5,4,1,53,A,TYPE_J Clinical case → Intervention choice,理学療法治療各論のintervention_selection。重要度5、Safety4、臨床推論5。別経路での確認価値を評価。,
KN0838,変形性股関節症の疼痛・肥満・筋力低下を踏まえた低負荷運動選択,C,18,理学療法治療各論,18,Q847,False,5,4,5,5,5,5,4,1,53,A,TYPE_J Clinical case → Intervention choice,理学療法治療各論のintervention_selection。重要度5、Safety4、臨床推論5。別経路での確認価値を評価。,
KN0853,他筋への影響を抑えた選択的筋伸張肢位の決定,C,18,理学療法治療各論,18,Q862,False,5,4,5,5,5,5,4,1,53,A,TYPE_J Clinical case → Intervention choice,理学療法治療各論のintervention_selection。重要度5、Safety4、臨床推論5。別経路での確認価値を評価。,
KN0855,PTB式装具は膝蓋腱部など耐圧性の高い部位で荷重し、脛骨粗面や腓骨頭など骨突出部は除圧する,C,18,理学療法治療各論,18,Q864,False,5,4,5,5,5,5,4,1,53,A,TYPE_J Clinical case → Intervention choice,理学療法治療各論のdevice_selection。重要度5、Safety4、臨床推論5。別経路での確認価値を評価。,
KN0859,急性期脳血管障害の離床可否を安全基準から判断する,C,18,理学療法治療各論,18,Q868,False,5,4,5,5,5,5,4,1,53,A,TYPE_J Clinical case → Intervention choice,理学療法治療各論のsafety_priority。重要度5、Safety4、臨床推論5。別経路での確認価値を評価。,
KN0862,『ベッドアップ60°まで』と上限を固定する1が不適切時の優先対応,C,18,理学療法治療各論,18,Q871,False,5,4,5,5,5,5,4,1,53,A,TYPE_J Clinical case → Intervention choice,理学療法治療各論のsafety_priority。重要度5、Safety4、臨床推論5。別経路での確認価値を評価。,
KN0912,立位重心移動獲得後に行う段階的バランス練習の選択,C,18,理学療法治療各論,18,Q921,False,5,4,5,5,5,5,4,1,53,A,TYPE_J Clinical case → Intervention choice,理学療法治療各論のintervention_selection。重要度5、Safety4、臨床推論5。別経路での確認価値を評価。,
KN0914,亜急性腰椎椎間板ヘルニアに対する理学療法選択,C,18,理学療法治療各論,18,Q923,False,5,4,5,5,5,5,4,1,53,A,TYPE_J Clinical case → Intervention choice,理学療法治療各論のintervention_selection。重要度5、Safety4、臨床推論5。別経路での確認価値を評価。,
KN0974,橈骨遠位端骨折固定除去後のROM制限・筋力低下に対する物理療法選択,C,16,運動器,16,Q984,False,5,4,5,5,5,5,4,1,53,A,TYPE_J Clinical case → Intervention choice,運動器のintervention_selection。重要度5、Safety4、臨床推論5。別経路での確認価値を評価。,
KN0977,筋強直性ジストロフィーの重度筋力低下に対する過用を避けた理学療法,C,17,理学療法評価各論,17,Q987,False,5,4,5,5,5,5,4,1,53,A,TYPE_J Clinical case → Intervention choice,理学療法評価各論のintervention_selection。重要度5、Safety4、臨床推論5。別経路での確認価値を評価。,
KN0999,脊髄完全損傷者の機能残存レベルと実用可能な能力の組合せで正しいのはどれかに対して適切な理学療法・介入を選択する,C,18,理学療法治療各論,18,Q1009,False,5,4,5,5,5,5,4,1,53,A,TYPE_J Clinical case → Intervention choice,理学療法治療各論のintervention_selection。重要度5、Safety4、臨床推論5。別経路での確認価値を評価。,
KN1003,呼吸障害に対する理学療法として、口すぼめ呼吸が有効なのはどれかに対して適切な理学療法・介入を選択する,C,18,理学療法治療各論,18,Q1013,False,5,4,5,5,5,5,4,1,53,A,TYPE_J Clinical case → Intervention choice,理学療法治療各論のintervention_selection。重要度5、Safety4、臨床推論5。別経路での確認価値を評価。,
KN1043,Parkinson病のすくみ足・移動不安定に対応した住環境整備と外的キュー,C,17,理学療法評価各論,17,Q1053,False,5,4,5,5,5,5,4,1,53,A,TYPE_J Clinical case → Intervention choice,理学療法評価各論のdevice_selection。重要度5、Safety4、臨床推論5。別経路での確認価値を評価。,
KN1050,下垂足に対するAFO背屈補助機能の適応,C,18,理学療法治療各論,18,Q1060,False,5,4,5,5,5,5,4,1,53,A,TYPE_J Clinical case → Intervention choice,理学療法治療各論のdevice_selection。重要度5、Safety4、臨床推論5。別経路での確認価値を評価。,
KN1055,SOMI装具は頸椎を固定する装具で、環軸椎など上位頸椎の不安定性・骨折に用いられる,C,18,理学療法治療各論,18,Q1065,False,5,4,5,5,5,5,4,1,53,A,TYPE_J Clinical case → Intervention choice,理学療法治療各論のdevice_selection。重要度5、Safety4、臨床推論5。別経路での確認価値を評価。,
KN1060,認知症患者の運動療法で拒否を尊重し慣れた動作を用いる対応,C,18,理学療法治療各論,18,Q1070,False,5,4,5,5,5,5,4,1,53,A,TYPE_J Clinical case → Intervention choice,理学療法治療各論のintervention_selection。重要度5、Safety4、臨床推論5。別経路での確認価値を評価。,
KN1101,L4機能残存二分脊椎児の歩行に適した装具・杖選択,C,18,理学療法治療各論,18,Q1112,False,5,4,5,5,5,5,4,1,53,A,TYPE_J Clinical case → Intervention choice,理学療法治療各論のdevice_selection。重要度5、Safety4、臨床推論5。別経路での確認価値を評価。,
KN1103,安定期関節リウマチの関節保護・装具・運動に関する生活指導,C,16,運動器,16,Q1114,False,5,4,5,5,5,5,4,1,53,A,TYPE_J Clinical case → Intervention choice,運動器のintervention_selection。重要度5、Safety4、臨床推論5。別経路での確認価値を評価。,
KN1123,重症筋無力症で過用を避けた漸増負荷運動を選択する,C,18,理学療法治療各論,18,Q1134,False,5,4,5,5,5,5,4,1,53,A,TYPE_J Clinical case → Intervention choice,理学療法治療各論のintervention_selection。重要度5、Safety4、臨床推論5。別経路での確認価値を評価。,
KN1167,78歳の男性に対する適切な介入・練習・指導を選択する,C,18,理学療法治療各論,18,Q1180,False,5,4,5,5,5,5,4,1,53,A,TYPE_J Clinical case → Intervention choice,理学療法治療各論のintervention_selection。重要度5、Safety4、臨床推論5。別経路での確認価値を評価。,
KN1222,足関節外側靱帯損傷急性期の保護・冷却・圧迫・挙上を選択する,C,16,運動器,16,Q1237,False,5,4,5,5,5,5,4,1,53,A,TYPE_J Clinical case → Intervention choice,運動器のintervention_selection。重要度5、Safety4、臨床推論5。別経路での確認価値を評価。,
KN1233,装具と疾患の組合せで正しいのはどれかに対する適切な装具・義足・機器を選択する,C,18,理学療法治療各論,18,Q1248,False,5,4,5,5,5,5,4,1,53,A,TYPE_J Clinical case → Intervention choice,理学療法治療各論のdevice_selection。重要度5、Safety4、臨床推論5。別経路での確認価値を評価。,
KN1237,小脳性運動失調に対する四つ這いバランス練習の難易度調整,C,18,理学療法治療各論,18,Q1252,False,5,4,5,5,5,5,4,1,53,A,TYPE_J Clinical case → Intervention choice,理学療法治療各論のintervention_selection。重要度5、Safety4、臨床推論5。別経路での確認価値を評価。,
KN1282,関節リウマチの槌趾・中足骨頭痛に対する足底装具選択,C,18,理学療法治療各論,18,Q1298,False,5,4,5,5,5,5,4,1,53,A,TYPE_J Clinical case → Intervention choice,理学療法治療各論のdevice_selection。重要度5、Safety4、臨床推論5。別経路での確認価値を評価。,
KN1291,間質性肺疾患の呼吸困難・低酸素に配慮した理学療法選択,C,18,理学療法治療各論,18,Q1311,False,5,4,5,5,5,5,4,1,53,A,TYPE_J Clinical case → Intervention choice,理学療法治療各論のintervention_selection。重要度5、Safety4、臨床推論5。別経路での確認価値を評価。,
KN1317,内側型変形性膝関節症の内側荷重を軽減する装具療法,C,18,理学療法治療各論,18,Q1337,False,5,4,5,5,5,5,4,1,53,A,TYPE_J Clinical case → Intervention choice,理学療法治療各論のdevice_selection。重要度5、Safety4、臨床推論5。別経路での確認価値を評価。,
KN1319,痙直型両麻痺児のPCW歩行に対する適切な動作指導,C,18,理学療法治療各論,18,Q1339,False,5,4,5,5,5,5,4,1,53,A,TYPE_J Clinical case → Intervention choice,理学療法治療各論のintervention_selection。重要度5、Safety4、臨床推論5。別経路での確認価値を評価。,
KN1322,片麻痺患者の車椅子から床への移乗手順を安全性から判断する,C,18,理学療法治療各論,18,Q1342,False,5,4,5,5,5,5,4,1,53,A,TYPE_J Clinical case → Intervention choice,理学療法治療各論のintervention_selection。重要度5、Safety4、臨床推論5。別経路での確認価値を評価。,
KN1353,装具療法の主たる目的でないのはどれかに対する適切な装具・義足・機器を選択する,C,18,理学療法治療各論,18,Q1376,False,5,4,5,5,5,5,4,1,53,A,TYPE_J Clinical case → Intervention choice,理学療法治療各論のdevice_selection。重要度5、Safety4、臨床推論5。別経路での確認価値を評価。,
KN1362,足関節離断後に適した義足を選択する,C,18,理学療法治療各論,18,Q1385,False,5,4,5,5,5,5,4,1,53,A,TYPE_J Clinical case → Intervention choice,理学療法治療各論のdevice_selection。重要度5、Safety4、臨床推論5。別経路での確認価値を評価。,
KN1365,大腿四頭筋広範囲切除後の膝伸展機能低下に対する補装具選択,C,18,理学療法治療各論,18,Q1388,False,5,4,5,5,5,5,4,1,53,A,TYPE_J Clinical case → Intervention choice,理学療法治療各論のdevice_selection。重要度5、Safety4、臨床推論5。別経路での確認価値を評価。,
KN1372,酸素療法機器で正しいのはどれかに対する適切な装具・義足・機器を選択する,C,18,理学療法治療各論,18,Q1396,False,5,4,5,5,5,5,4,1,53,A,TYPE_J Clinical case → Intervention choice,理学療法治療各論のdevice_selection。重要度5、Safety4、臨床推論5。別経路での確認価値を評価。,
KN1420,ICU術後患者の意識・疼痛・循環動態から積極的離床の可否を判断する,C,18,理学療法治療各論,18,Q1445,False,5,4,5,5,5,5,4,1,53,A,TYPE_J Clinical case → Intervention choice,理学療法治療各論のsafety_priority。重要度5、Safety4、臨床推論5。別経路での確認価値を評価。,
KN1422,間質性肺疾患の呼吸仕事量増大に対し胸郭可動性を改善する理学療法を選択する,C,18,理学療法治療各論,18,Q1447,False,5,4,5,5,5,5,4,1,53,A,TYPE_J Clinical case → Intervention choice,理学療法治療各論のintervention_selection。重要度5、Safety4、臨床推論5。別経路での確認価値を評価。,
KN1425,高用量昇圧剤投与中の術翌日患者で離床負荷を避け安全なベッド上介入を選択する,C,18,理学療法治療各論,18,Q1450,False,5,4,5,5,5,5,4,1,53,A,TYPE_J Clinical case → Intervention choice,理学療法治療各論のsafety_priority。重要度5、Safety4、臨床推論5。別経路での確認価値を評価。,
KN1427,BPPVに対して耳石置換法〈Epley法〉を選択する,C,18,理学療法治療各論,18,Q1452,False,5,4,5,5,5,5,4,1,53,A,TYPE_J Clinical case → Intervention choice,理学療法治療各論のintervention_selection。重要度5、Safety4、臨床推論5。別経路での確認価値を評価。,
KN1429,ALSの下垂足・鶏歩に対して軽量AFOを用いた歩行を選択する,C,18,理学療法治療各論,18,Q1454,False,5,4,5,5,5,5,4,1,53,A,TYPE_J Clinical case → Intervention choice,理学療法治療各論のdevice_selection。重要度5、Safety4、臨床推論5。別経路での確認価値を評価。,
KN1430,肥満・高血圧を伴うメタボリックシンドロームに適した有酸素運動形式を選択する,B,8,内科学,8,Q1455,False,5,4,5,5,5,5,4,1,53,A,TYPE_J Clinical case → Intervention choice,内科学のintervention_selection。重要度5、Safety4、臨床推論5。別経路での確認価値を評価。,
KN1434,両側支柱付き長下肢装具の継手・半月・支柱位置の適合判定,C,18,理学療法治療各論,18,Q1459,False,5,4,5,5,5,5,4,1,53,A,TYPE_J Clinical case → Intervention choice,理学療法治療各論のdevice_selection。重要度5、Safety4、臨床推論5。別経路での確認価値を評価。,
KN1440,脳卒中片麻痺で下肢Brunnstrom stage Vでも、立脚初期の急激な底屈や遊脚期の下垂足が残れば、足関節底屈制動式短下肢装具が適応となる,C,18,理学療法治療各論,18,Q1465,False,5,4,5,5,5,5,4,1,53,A,TYPE_J Clinical case → Intervention choice,理学療法治療各論のdevice_selection。重要度5、Safety4、臨床推論5。別経路での確認価値を評価。,
KN1449,関節リウマチの病期・炎症活動性を踏まえ安全な理学療法を選択する,C,18,理学療法治療各論,18,Q1474,False,5,4,5,5,5,5,4,1,53,A,TYPE_J Clinical case → Intervention choice,理学療法治療各論のintervention_selection。重要度5、Safety4、臨床推論5。別経路での確認価値を評価。,
KN1479,ベンゾジアゼピン睡眠薬の自己中断を避け不安を聴取し主治医連携を促す,B,8,内科学,8,Q1504,False,5,4,5,5,5,5,4,1,53,A,TYPE_J Clinical case → Intervention choice,内科学のsafety_priority。重要度5、Safety4、臨床推論5。別経路での確認価値を評価。,
KN1481,開腹術後の呼吸器合併症を予防する早期呼吸理学療法を選択する,C,18,理学療法治療各論,18,Q1506,False,5,4,5,5,5,5,4,1,53,A,TYPE_J Clinical case → Intervention choice,理学療法治療各論のintervention_selection。重要度5、Safety4、臨床推論5。別経路での確認価値を評価。,
KN1482,糖尿病性末梢神経障害と足部色調変化を踏まえ前足部を免荷する,C,18,理学療法治療各論,18,Q1507,False,5,4,5,5,5,5,4,1,53,A,TYPE_J Clinical case → Intervention choice,理学療法治療各論のintervention_selection。重要度5、Safety4、臨床推論5。別経路での確認価値を評価。,
KN1486,L5レベル二分脊椎児の歩行安定性向上に必要な筋力強化対象を選択する,C,18,理学療法治療各論,18,Q1511,False,5,4,5,5,5,5,4,1,53,A,TYPE_J Clinical case → Intervention choice,理学療法治療各論のintervention_selection。重要度5、Safety4、臨床推論5。別経路での確認価値を評価。,
KN1488,松葉杖の腋窩・握り位置などの適切な設定,C,18,理学療法治療各論,18,Q1513,False,5,4,5,5,5,5,4,1,53,A,TYPE_J Clinical case → Intervention choice,理学療法治療各論のdevice_selection。重要度5、Safety4、臨床推論5。別経路での確認価値を評価。,
KN1491,転倒リスクを踏まえ静的から動的へ段階づけたバランス練習を選択する,C,18,理学療法治療各論,18,Q1516,False,5,4,5,5,5,5,4,1,53,A,TYPE_J Clinical case → Intervention choice,理学療法治療各論のintervention_selection。重要度5、Safety4、臨床推論5。別経路での確認価値を評価。,
KN0005,参加制約への段階的支援,C,18,理学療法治療各論,18,Q5,False,5,4,5,5,4,5,4,1,52,A,TYPE_K Static knowledge → Applied judgment,理学療法治療各論のfunctional_goal_decision。重要度5、Safety4、臨床推論5。別経路での確認価値を評価。,
KN0019,安全対策下での散歩継続,C,18,理学療法治療各論,18,Q19,False,5,4,5,5,4,5,4,1,52,A,TYPE_K Static knowledge → Applied judgment,理学療法治療各論のfunctional_goal_decision。重要度5、Safety4、臨床推論5。別経路での確認価値を評価。,
KN0045,本人希望に沿う目標設定,C,18,理学療法治療各論,18,Q45,False,5,4,5,5,4,5,4,1,52,A,TYPE_K Static knowledge → Applied judgment,理学療法治療各論のfunctional_goal_decision。重要度5、Safety4、臨床推論5。別経路での確認価値を評価。,
KN0060,運動継続のセルフマネジメント,C,17,理学療法評価各論,17,Q60,False,5,4,5,5,4,5,4,1,52,A,TYPE_K Static knowledge → Applied judgment,理学療法評価各論のfunctional_goal_decision。重要度5、Safety4、臨床推論5。別経路での確認価値を評価。,
KN0090,実務能力評価＋段階的復職,C,18,理学療法治療各論,18,Q90,False,5,4,5,5,4,5,4,1,52,A,TYPE_K Static knowledge → Applied judgment,理学療法治療各論のfunctional_goal_decision。重要度5、Safety4、臨床推論5。別経路での確認価値を評価。,
KN0202,心リハ中の胸部症状と血圧低下に対する運動中止判断,C,17,理学療法評価各論,15|17,Q203|Q228|Q320,False,5,5,5,4,5,3,4,2,52,A,TYPE_J Clinical case → Intervention choice,理学療法評価各論のsafety_priority。重要度5、Safety5、臨床推論5。別経路での確認価値を評価。,multiple_node_descriptions
KN0261,crouch gaitに対する床反力制御型AFOの適応,B,11,小児学,11,Q262,False,4,4,5,5,5,5,5,1,52,A,TYPE_J Clinical case → Intervention choice,小児学のdevice_selection。重要度4、Safety4、臨床推論5。別経路での確認価値を評価。,
KN0304,閉眼で増悪する感覚性失調と脊髄後索障害,B,9,神経医学,9,Q306,False,5,4,4,5,5,5,5,1,52,A,TYPE_F Result → Cause,神経医学のfinding_interpretation。重要度5、Safety4、臨床推論4。別経路での確認価値を評価。,
KN0309,脊髄後索障害による同側振動覚・位置覚低下,B,9,神経医学,9,Q311,False,5,4,4,5,5,5,5,1,52,A,TYPE_F Result → Cause,神経医学のfinding_interpretation。重要度5、Safety4、臨床推論4。別経路での確認価値を評価。,
KN0400,Guillain-Barré症候群で筋力低下が上行し、咳が弱くなっているため呼吸筋麻痺の進行に注意するを評価する,B,9,神経医学,9,Q406,False,4,5,4,5,5,5,5,1,52,A,TYPE_K Static knowledge → Applied judgment,神経医学のassessment_selection。重要度4、Safety5、臨床推論4。別経路での確認価値を評価。,
KN0430,頸髄過伸展後の上肢優位麻痺から中心性脊髄損傷を識別,B,9,神経医学,9,Q438,False,5,4,4,5,5,5,5,1,52,A,TYPE_F Result → Cause,神経医学のfinding_interpretation。重要度5、Safety4、臨床推論4。別経路での確認価値を評価。,
KN0468,前脊髄動脈症候群の運動・温痛覚障害と後索温存,B,9,神経医学,9,Q476,False,5,4,4,5,5,5,5,1,52,A,TYPE_F Result → Cause,神経医学のfinding_interpretation。重要度5、Safety4、臨床推論4。別経路での確認価値を評価。,
KN0469,球海綿体反射再出現による脊髄ショック離脱判断,B,9,神経医学,9,Q477,False,5,4,4,5,5,5,5,1,52,A,TYPE_F Result → Cause,神経医学のfinding_interpretation。重要度5、Safety4、臨床推論4。別経路での確認価値を評価。,
KN0566,Duchenne型筋ジストロフィーで独歩不能となる時期は呼吸筋力低下や拘束性換気障害が進行しやすく、呼吸不全予防のため呼吸機能評価の優先度が高い,B,11,小児学,11,Q574,False,5,4,4,5,5,5,5,1,52,A,TYPE_K Static knowledge → Applied judgment,小児学のassessment_selection。重要度5、Safety4、臨床推論4。別経路での確認価値を評価。,
KN0696,歩行補助具・食具使用状況からFIM自立度を判定する,B,9,神経医学,9,Q704,False,5,4,4,5,5,5,5,1,52,A,TYPE_F Result → Cause,神経医学のfinding_interpretation。重要度5、Safety4、臨床推論4。別経路での確認価値を評価。,
KN1059,C7機能残存脊髄損傷で自立困難となる移動動作の判断,B,9,神経医学,9,Q1069,False,5,4,4,5,5,5,5,1,52,A,TYPE_F Result → Cause,神経医学のfinding_interpretation。重要度5、Safety4、臨床推論4。別経路での確認価値を評価。,
KN1424,片麻痺患者のADL情報からBarthel Index総得点を算出する,B,9,神経医学,9,Q1449,False,5,4,4,5,5,5,5,1,52,A,TYPE_K Static knowledge → Applied judgment,神経医学のassessment_selection。重要度5、Safety4、臨床推論4。別経路での確認価値を評価。,
KN0036,すくみ足への外的キュー,C,15,動作分析学,15,Q36,False,5,4,5,5,5,5,2,1,51,A,TYPE_J Clinical case → Intervention choice,動作分析学のintervention_selection。重要度5、Safety4、臨床推論5。別経路での確認価値を評価。,
KN0040,生活機能低下を防ぐには運動療法のみでは不十分であり、栄養管理や社会参加支援を含め、多職種と連携した包括的介入を行うことが重要である,C,15,動作分析学,15,Q40,False,5,4,5,5,5,5,2,1,51,A,TYPE_J Clinical case → Intervention choice,動作分析学のintervention_selection。重要度5、Safety4、臨床推論5。別経路での確認価値を評価。,
KN0053,疲労・体温上昇を考慮した運動,C,15,動作分析学,15,Q53,False,5,4,5,5,5,5,2,1,51,A,TYPE_J Clinical case → Intervention choice,動作分析学のintervention_selection。重要度5、Safety4、臨床推論5。別経路での確認価値を評価。,
KN0077,閉鎖性運動連鎖での動的安定性,C,17,理学療法評価各論,17,Q77,False,4,5,4,5,5,5,4,1,51,A,TYPE_K Static knowledge → Applied judgment,理学療法評価各論のassessment_selection。重要度4、Safety5、臨床推論4。別経路での確認価値を評価。,
KN0087,肩関節ROMと腱板筋力は保たれ、Apprehension testも陰性だが、タックル姿勢や接触場面では不安感が残っているを評価する,C,16,運動器,16,Q87,False,4,5,4,5,5,5,4,1,51,A,TYPE_K Static knowledge → Applied judgment,運動器のassessment_selection。重要度4、Safety5、臨床推論4。別経路での確認価値を評価。,
KN0109,疲労下の二重課題歩行訓練,C,15,動作分析学,15,Q109,False,5,4,5,5,5,5,2,1,51,A,TYPE_J Clinical case → Intervention choice,動作分析学のintervention_selection。重要度5、Safety4、臨床推論5。別経路での確認価値を評価。,
KN0123,息切れや酸素化を確認しながら日常生活での身体活動を段階的に増やし、活動回避による廃用を防ぐことが退院後の身体活動維持に適切であるへの介入選択,C,15,動作分析学,15,Q123,False,5,4,5,5,5,5,2,1,51,A,TYPE_J Clinical case → Intervention choice,動作分析学のintervention_selection。重要度5、Safety4、臨床推論5。別経路での確認価値を評価。,
KN0140,方向転換・障害物回避練習,C,15,動作分析学,15,Q140,False,5,4,5,5,5,5,2,1,51,A,TYPE_J Clinical case → Intervention choice,動作分析学のintervention_selection。重要度5、Safety4、臨床推論5。別経路での確認価値を評価。,
KN0150,筋力/バランス＋日常歩行機会,C,15,動作分析学,15,Q150,False,5,4,5,5,5,5,2,1,51,A,TYPE_J Clinical case → Intervention choice,動作分析学のintervention_selection。重要度5、Safety4、臨床推論5。別経路での確認価値を評価。,
KN0159,周囲確認＋速度調整＋停止練習,C,15,動作分析学,15,Q160,False,5,4,5,5,5,5,2,1,51,A,TYPE_J Clinical case → Intervention choice,動作分析学のintervention_selection。重要度5、Safety4、臨床推論5。別経路での確認価値を評価。,
KN0167,動作と呼気を合わせる口すぼめ呼吸,C,15,動作分析学,15,Q168,False,5,4,5,5,5,5,2,1,51,A,TYPE_J Clinical case → Intervention choice,動作分析学のintervention_selection。重要度5、Safety4、臨床推論5。別経路での確認価値を評価。,
KN0168,まず平行棒内で義足側への側方荷重移動と立脚保持を練習し、義足側で安全に身体を支持する感覚と能力を獲得する,C,15,動作分析学,15,Q169,False,5,4,5,5,5,5,2,1,51,A,TYPE_J Clinical case → Intervention choice,動作分析学のintervention_selection。重要度5、Safety4、臨床推論5。別経路での確認価値を評価。,
KN0178,屋内はT字杖で自立しているが、浴槽縁をまたぐ片脚支持でふらつきがある,C,18,理学療法治療各論,18,Q179,False,4,4,5,5,5,5,4,1,51,A,TYPE_J Clinical case → Intervention choice,理学療法治療各論のdevice_selection。重要度4、Safety4、臨床推論5。別経路での確認価値を評価。,
KN0193,膝折れを含むKAFO適応,C,18,理学療法治療各論,18,Q194,False,4,4,5,5,5,5,4,1,51,A,TYPE_J Clinical case → Intervention choice,理学療法治療各論のdevice_selection。重要度4、Safety4、臨床推論5。別経路での確認価値を評価。,
KN0206,COPDの呼吸困難に対する呼吸ペーシングを用いた歩行指導,C,15,動作分析学,15,Q207,False,5,4,5,5,5,5,2,1,51,A,TYPE_J Clinical case → Intervention choice,動作分析学のintervention_selection。重要度5、Safety4、臨床推論5。別経路での確認価値を評価。,
KN0216,後方アプローチTHAの脱臼危険肢位,C,16,運動器,16,Q217|Q365,False,5,5,5,4,5,3,4,1,51,A,TYPE_J Clinical case → Intervention choice,運動器のsafety_priority。重要度5、Safety5、臨床推論5。別経路での確認価値を評価。,
KN0224,転倒恐怖による活動制限に対する段階的な屋外活動再開支援,C,15,動作分析学,15,Q225,False,5,4,5,5,5,5,2,1,51,A,TYPE_J Clinical case → Intervention choice,動作分析学のintervention_selection。重要度5、Safety4、臨床推論5。別経路での確認価値を評価。,
KN0240,RER 0.70から脂質優位のエネルギー代謝を判断する,B,8,内科学,8,Q241,False,5,4,4,5,5,5,4,1,51,A,TYPE_F Result → Cause,内科学のfinding_interpretation。重要度5、Safety4、臨床推論4。別経路での確認価値を評価。,
KN0276,低PaCO2を伴う急性呼吸性アルカローシスの判定,B,8,内科学,8,Q277,False,5,4,4,5,5,5,4,1,51,A,TYPE_F Result → Cause,内科学のfinding_interpretation。重要度5、Safety4、臨床推論4。別経路での確認価値を評価。,
KN0363,骨折後の疼痛・浮腫・発汗・温度差からCRPSを識別する,C,16,運動器,16,Q368,False,5,4,4,5,5,5,4,1,51,A,TYPE_F Result → Cause,運動器のfinding_interpretation。重要度5、Safety4、臨床推論4。別経路での確認価値を評価。,
KN0419,軽度手根管症候群に対する夜間手関節中間位スプリント,C,18,理学療法治療各論,18,Q427,False,4,4,5,5,5,5,4,1,51,A,TYPE_J Clinical case → Intervention choice,理学療法治療各論のdevice_selection。重要度4、Safety4、臨床推論5。別経路での確認価値を評価。,
KN0427,COPD運動時の動的肺過膨張と吸気容量低下の解釈,B,8,内科学,8,Q435,False,5,4,4,5,5,5,4,1,51,A,TYPE_F Result → Cause,内科学のfinding_interpretation。重要度5、Safety4、臨床推論4。別経路での確認価値を評価。,
KN0465,呼気流がゼロに戻らない波形からauto-PEEPを識別,C,17,理学療法評価各論,17,Q473,False,5,4,4,5,5,5,4,1,51,A,TYPE_F Result → Cause,理学療法評価各論のfinding_interpretation。重要度5、Safety4、臨床推論4。別経路での確認価値を評価。,
KN0466,カフリークテストではカフ脱気後に気管チューブ周囲を通る空気漏れを確認するを識別する,B,8,内科学,8,Q474,False,5,4,4,5,5,5,4,1,51,A,TYPE_F Result → Cause,内科学のfinding_interpretation。重要度5、Safety4、臨床推論4。別経路での確認価値を評価。,
KN0497,35歳の女性から病態・機能障害を解釈,C,16,運動器,16,Q505,False,5,4,4,5,5,5,4,1,51,A,TYPE_F Result → Cause,運動器のfinding_interpretation。重要度5、Safety4、臨床推論4。別経路での確認価値を評価。,
KN0703,胸囲は安静呼吸の呼気終末に測定するのが基本である,C,18,理学療法治療各論,18,Q711,False,5,4,4,5,5,5,4,1,51,A,TYPE_K Static knowledge → Applied judgment,理学療法治療各論のassessment_selection。重要度5、Safety4、臨床推論4。別経路での確認価値を評価。,
KN0721,人工呼吸器管理中に起こりやすい呼吸器合併症の識別,B,8,内科学,8,Q729,False,5,4,4,5,5,5,4,1,51,A,TYPE_F Result → Cause,内科学のfinding_interpretation。重要度5、Safety4、臨床推論4。別経路での確認価値を評価。,
KN0748,ASIA感覚検査における髄節とkey sensory pointの対応,C,17,理学療法評価各論,17,Q756,False,5,4,4,5,5,5,4,1,51,A,TYPE_K Static knowledge → Applied judgment,理学療法評価各論のassessment_selection。重要度5、Safety4、臨床推論4。別経路での確認価値を評価。,
KN0766,多発性硬化症のUhthoff現象を踏まえた運動・環境調整,C,18,理学療法治療各論,18,Q774,False,5,4,4,5,5,5,4,1,51,A,TYPE_F Result → Cause,理学療法治療各論のfinding_interpretation。重要度5、Safety4、臨床推論4。別経路での確認価値を評価。,
KN0858,腰椎変性すべり症の神経性間欠跛行に対する屈曲位休息,C,15,動作分析学,15,Q867,False,5,4,5,5,5,5,2,1,51,A,TYPE_J Clinical case → Intervention choice,動作分析学のintervention_selection。重要度5、Safety4、臨床推論5。別経路での確認価値を評価。,
KN1001,発症初期から易転倒性がみられるのはどれかから病態・機能・原因を解釈する,C,18,理学療法治療各論,18,Q1011,False,5,4,4,5,5,5,4,1,51,A,TYPE_F Result → Cause,理学療法治療各論のfinding_interpretation。重要度5、Safety4、臨床推論4。別経路での確認価値を評価。,
KN1032,ASIAの感覚キーポイントではT4は乳頭部に相当するを評価する,C,17,理学療法評価各論,17,Q1042,False,5,4,4,5,5,5,4,1,51,A,TYPE_K Static knowledge → Applied judgment,理学療法評価各論のassessment_selection。重要度5、Safety4、臨床推論4。別経路での確認価値を評価。,
KN1042,下腿義足歩行時の膝折れを生むソケット位置・膝伸展筋力などの原因推定,C,18,理学療法治療各論,18,Q1052,False,5,4,4,5,5,5,4,1,51,A,TYPE_F Result → Cause,理学療法治療各論のfinding_interpretation。重要度5、Safety4、臨床推論4。別経路での確認価値を評価。,
KN1087,ASIA key muscleと髄節の対応,C,17,理学療法評価各論,17,Q1098,False,5,4,4,5,5,5,4,1,51,A,TYPE_K Static knowledge → Applied judgment,理学療法評価各論のassessment_selection。重要度5、Safety4、臨床推論4。別経路での確認価値を評価。,
KN1108,徒手筋力テストを安全かつ標準的条件で実施する,C,17,理学療法評価各論,17,Q1119,False,5,4,4,5,5,5,4,1,51,A,TYPE_K Static knowledge → Applied judgment,理学療法評価各論のassessment_selection。重要度5、Safety4、臨床推論4。別経路での確認価値を評価。,
KN1118,1秒量は5.00L×0.80＝4.00Lを評価する,B,8,内科学,8,Q1129,False,5,4,4,5,5,5,4,1,51,A,TYPE_K Static knowledge → Applied judgment,内科学のassessment_selection。重要度5、Safety4、臨床推論4。別経路での確認価値を評価。,
KN1227,完全脊髄損傷で短下肢装具と杖による屋外歩行が可能な機能残存レベルを判断する,C,18,理学療法治療各論,18,Q1242,False,5,4,4,5,5,5,4,1,51,A,TYPE_F Result → Cause,理学療法治療各論のfinding_interpretation。重要度5、Safety4、臨床推論4。別経路での確認価値を評価。,
KN1364,通所リハビリでの転倒リスクを適切な尺度で評価する,C,18,理学療法治療各論,18,Q1387,False,5,4,4,5,5,5,4,1,51,A,TYPE_K Static knowledge → Applied judgment,理学療法治療各論のassessment_selection。重要度5、Safety4、臨床推論4。別経路での確認価値を評価。,
KN1485,高強度と低強度を交互に行う負荷様式をインターバルトレーニングとして識別する,C,18,理学療法治療各論,18,Q1510,False,5,4,4,5,5,5,4,1,51,A,TYPE_F Result → Cause,理学療法治療各論のfinding_interpretation。重要度5、Safety4、臨床推論4。別経路での確認価値を評価。,
KN1501,VDT作業で足台・画面位置・休憩を調整し筋骨格系障害を予防する,A,6,医学概論,6,Q1527,False,5,4,5,5,5,5,2,1,51,A,TYPE_J Clinical case → Intervention choice,医学概論のintervention_selection。重要度5、Safety4、臨床推論5。別経路での確認価値を評価。,
KN0006,立脚中期の足関節背屈角度は正常範囲内である一方、遊脚期に背屈不足とつま先接触を認めているを評価する,B,11,小児学,11,Q6,False,4,4,4,5,5,5,5,1,50,A,TYPE_K Static knowledge → Applied judgment,小児学のassessment_selection。重要度4、Safety4、臨床推論4。別経路での確認価値を評価。,
KN0046,左深部感覚が著しく低下し、座位・立位で左側へ能動的に押し返しながら、本人は正中位と認識しているを評価する,B,9,神経医学,9,Q46,False,4,4,4,5,5,5,5,1,50,A,TYPE_K Static knowledge → Applied judgment,神経医学のassessment_selection。重要度4、Safety4、臨床推論4。別経路での確認価値を評価。,
KN0065,身体活動＋社会参加支援,C,15,動作分析学,15,Q65,False,5,4,5,5,4,5,2,1,50,A,TYPE_K Static knowledge → Applied judgment,動作分析学のfunctional_goal_decision。重要度5、Safety4、臨床推論5。別経路での確認価値を評価。,
KN0071,視覚的垂直を用いた正中学習,C,18,理学療法治療各論,9|18,Q71|Q126|Q196|Q212|Q403,False,5,4,5,4,5,3,4,2,50,A,TYPE_J Clinical case → Intervention choice,理学療法治療各論のintervention_selection。重要度5、Safety4、臨床推論5。別経路での確認価値を評価。,multiple_node_descriptions
KN0098,方向転換・二重課題の動的バランス,B,9,神経医学,9,Q98,False,4,4,4,5,5,5,5,1,50,A,TYPE_K Static knowledge → Applied judgment,神経医学のassessment_selection。重要度4、Safety4、臨床推論4。別経路での確認価値を評価。,
KN0145,不安・移動手段を踏まえた参加再開,C,15,動作分析学,15,Q145,False,5,4,5,5,4,5,2,1,50,A,TYPE_K Static knowledge → Applied judgment,動作分析学のfunctional_goal_decision。重要度5、Safety4、臨床推論5。別経路での確認価値を評価。,
KN0001,左立脚後期では下腿三頭筋による底屈モーメントが前方推進力を生み、反対側下肢の歩幅確保に重要な役割を果たすを識別する,C,15,動作分析学,15,Q1,False,5,4,4,5,5,5,2,1,49,A,TYPE_F Result → Cause,動作分析学のfinding_interpretation。重要度5、Safety4、臨床推論4。別経路での確認価値を評価。,
KN0008,透析患者の運動耐容能評価時期,C,17,理学療法評価各論,17,Q8,False,4,4,4,5,5,5,4,1,49,A,TYPE_K Static knowledge → Applied judgment,理学療法評価各論のassessment_selection。重要度4、Safety4、臨床推論4。別経路での確認価値を評価。,
KN0031,病棟では左側のブレーキのかけ忘れや左側の副菜の食べ残しがみられ、日常生活場面で左側への注意低下が認められるを評価する,C,18,理学療法治療各論,18,Q31,False,4,4,4,5,5,5,4,1,49,A,TYPE_K Static knowledge → Applied judgment,理学療法治療各論のassessment_selection。重要度4、Safety4、臨床推論4。別経路での確認価値を評価。,
KN0037,日常生活ではドアノブ操作や瓶のふた開けが困難であり、回外55°と可動域制限を認めるを評価する,C,16,運動器,16,Q37,False,4,4,4,5,5,5,4,1,49,A,TYPE_K Static knowledge → Applied judgment,運動器のassessment_selection。重要度4、Safety4、臨床推論4。別経路での確認価値を評価。,
KN0038,足底感覚低下があり、「つまずきやすい」と訴えている一方で、筋力や足関節ROMは保たれているを評価する,C,18,理学療法治療各論,18,Q38,False,4,4,4,5,5,5,4,1,49,A,TYPE_K Static knowledge → Applied judgment,理学療法治療各論のassessment_selection。重要度4、Safety4、臨床推論4。別経路での確認価値を評価。,
KN0041,術後8か月で直線走行は可能だが、カッティング時に不安感があり、Single Leg Hop Testは健側比89％、着地時に軽度膝外反を認めるを評価する,C,17,理学療法評価各論,17,Q41,False,4,4,4,5,5,5,4,1,49,A,TYPE_K Static knowledge → Applied judgment,理学療法評価各論のassessment_selection。重要度4、Safety4、臨床推論4。別経路での確認価値を評価。,
KN0066,生活活動強度と運動耐容能の対応,C,17,理学療法評価各論,17,Q66,False,4,4,4,5,5,5,4,1,49,A,TYPE_K Static knowledge → Applied judgment,理学療法評価各論のassessment_selection。重要度4、Safety4、臨床推論4。別経路での確認価値を評価。,
KN0076,大腿四頭筋と手指深指屈筋がMMT3まで低下し、立ち上がりでは上肢支持を要し、蓋を開ける動作も困難であるを評価する,C,17,理学療法評価各論,17,Q76,False,4,4,4,5,5,5,4,1,49,A,TYPE_K Static knowledge → Applied judgment,理学療法評価各論のassessment_selection。重要度4、Safety4、臨床推論4。別経路での確認価値を評価。,
KN0078,安静時の意識やアンモニア値は安定しているが、買い物中に注意が散り、立ち止まることが増えているを評価する,B,8,内科学,8,Q78,False,4,4,4,5,5,5,4,1,49,A,TYPE_K Static knowledge → Applied judgment,内科学のassessment_selection。重要度4、Safety4、臨床推論4。別経路での確認価値を評価。,
KN0101,末梢循環・皮膚/創傷リスク,B,8,内科学,8,Q101,False,4,4,4,5,5,5,4,1,49,A,TYPE_K Static knowledge → Applied judgment,内科学のassessment_selection。重要度4、Safety4、臨床推論4。別経路での確認価値を評価。,
KN0104,静かな廊下では障害物を避けられるが、話しかけられながら歩くと物品を見落とし、方向転換も遅れているを評価する,C,17,理学療法評価各論,17,Q104,False,4,4,4,5,5,5,4,1,49,A,TYPE_K Static knowledge → Applied judgment,理学療法評価各論のassessment_selection。重要度4、Safety4、臨床推論4。別経路での確認価値を評価。,
KN0121,頸椎症性脊髄症では後索障害による深部感覚低下を伴うことがあり、視覚情報が減る暗所でふらつきが増えるを評価する,C,17,理学療法評価各論,17,Q121,False,4,4,4,5,5,5,4,1,49,A,TYPE_K Static knowledge → Applied judgment,理学療法評価各論のassessment_selection。重要度4、Safety4、臨床推論4。別経路での確認価値を評価。,
KN0171,術後8か月で疼痛・腫脹・可動域制限はなくジョギング可能だが、方向転換時に患側への不安感が残るを評価する,C,16,運動器,16,Q172,False,4,4,4,5,5,5,4,1,49,A,TYPE_K Static knowledge → Applied judgment,運動器のassessment_selection。重要度4、Safety4、臨床推論4。別経路での確認価値を評価。,
KN0186,片脚ホップの距離・着地制御,C,17,理学療法評価各論,17,Q187,False,4,4,4,5,5,5,4,1,49,A,TYPE_K Static knowledge → Applied judgment,理学療法評価各論のassessment_selection。重要度4、Safety4、臨床推論4。別経路での確認価値を評価。,
KN0188,遊脚期の足尖接触は改善しているが、初期接地後に足関節が急速に底屈し、足底全体が強く接地しているに対する機器選択,C,15,動作分析学,15,Q189,False,4,4,5,5,5,5,2,1,49,A,TYPE_J Clinical case → Intervention choice,動作分析学のdevice_selection。重要度4、Safety4、臨床推論5。別経路での確認価値を評価。,
KN0194,玄関上がり框への手すり,C,15,動作分析学,15,Q195,False,4,4,5,5,5,5,2,1,49,A,TYPE_J Clinical case → Intervention choice,動作分析学のdevice_selection。重要度4、Safety4、臨床推論5。別経路での確認価値を評価。,
KN0198,第2・3中足骨頭部に胼胝があり、長時間歩行で同部の前足部痛が増強していることから、中足骨頭へ荷重が集中しているに対する機器選択,C,15,動作分析学,15,Q199,False,4,4,5,5,5,5,2,1,49,A,TYPE_J Clinical case → Intervention choice,動作分析学のdevice_selection。重要度4、Safety4、臨床推論5。別経路での確認価値を評価。,
KN0203,大腿四頭筋低下による膝折れに対するKAFO適応,C,15,動作分析学,15,Q204,False,4,4,5,5,5,5,2,1,49,A,TYPE_J Clinical case → Intervention choice,動作分析学のdevice_selection。重要度4、Safety4、臨床推論5。別経路での確認価値を評価。,
KN0207,保存療法開始8週で通常歩行は可能だが、片脚着地時に足関節の不安定感が残っているを評価する,C,16,運動器,16,Q208,False,4,4,4,5,5,5,4,1,49,A,TYPE_K Static knowledge → Applied judgment,運動器のassessment_selection。重要度4、Safety4、臨床推論4。別経路での確認価値を評価。,
KN0214,通常歩行や筋力には大きな問題がないにもかかわらず、後方から軽く肩へ触れられるという予期しない外乱でバランスを崩して転倒しているを評価する,C,18,理学療法治療各論,18,Q215,False,4,4,4,5,5,5,4,1,49,A,TYPE_K Static knowledge → Applied judgment,理学療法治療各論のassessment_selection。重要度4、Safety4、臨床推論4。別経路での確認価値を評価。,
KN0228,CMTによる下垂足・足尖クリアランス低下に対するAFO適応,C,15,動作分析学,15,Q229,False,4,4,5,5,5,5,2,1,49,A,TYPE_J Clinical case → Intervention choice,動作分析学のdevice_selection。重要度4、Safety4、臨床推論5。別経路での確認価値を評価。,
KN0423,連続流型LVADでは拍動が弱く、末梢動脈の触診や通常の自動血圧計だけでは循環状態を正確に把握しにくいを評価する,C,17,理学療法評価各論,17,Q431,False,4,4,4,5,5,5,4,1,49,A,TYPE_K Static knowledge → Applied judgment,理学療法評価各論のassessment_selection。重要度4、Safety4、臨床推論4。別経路での確認価値を評価。,
KN0478,底屈急増と膝過伸展に対するAFO底屈制動調整,C,15,動作分析学,15,Q486,False,4,4,5,5,5,5,2,1,49,A,TYPE_J Clinical case → Intervention choice,動作分析学のdevice_selection。重要度4、Safety4、臨床推論5。別経路での確認価値を評価。,
KN0479,強剛母趾でMTP背屈要求を減らすロッカーソール,C,15,動作分析学,15,Q487,False,4,4,5,5,5,5,2,1,49,A,TYPE_J Clinical case → Intervention choice,動作分析学のdevice_selection。重要度4、Safety4、臨床推論5。別経路での確認価値を評価。,
KN0496,62 歳の男性から病態・機能障害を解釈,C,15,動作分析学,15,Q504,False,5,4,4,5,5,5,2,1,49,A,TYPE_F Result → Cause,動作分析学のfinding_interpretation。重要度5、Safety4、臨床推論4。別経路での確認価値を評価。,
KN0500,85 歳の女性から病態・機能障害を解釈,C,15,動作分析学,15,Q508,False,5,4,4,5,5,5,2,1,49,A,TYPE_F Result → Cause,動作分析学のfinding_interpretation。重要度5、Safety4、臨床推論4。別経路での確認価値を評価。,
KN0613,脊髄損傷の自律神経過反射の典型所見,B,9,神経医学,9,Q621,False,5,5,2,5,4,5,5,1,49,A,TYPE_A Definition → Case,神経医学のfact_recall。重要度5、Safety5、臨床推論2。別経路での確認価値を評価。,
KN0823,MRSAは患者・医療者の手や環境表面を介する接触感染が中心,B,7,病理学,7,Q832,False,5,5,2,5,4,5,5,1,49,A,TYPE_A Definition → Case,病理学のfact_recall。重要度5、Safety5、臨床推論2。別経路での確認価値を評価。,
KN0836,小脳・脳幹萎縮と協調運動障害から脊髄小脳変性症などを想定するを評価する,C,15,動作分析学,15,Q845,False,5,4,4,5,5,5,2,1,49,A,TYPE_K Static knowledge → Applied judgment,動作分析学のassessment_selection。重要度5、Safety4、臨床推論4。別経路での確認価値を評価。,
KN0846,下肢異常に応じた金属支柱付きAFO足継手機能の設定,C,18,理学療法治療各論,18,Q855|Q1306,False,5,4,5,4,5,3,4,1,49,A,TYPE_J Clinical case → Intervention choice,理学療法治療各論のdevice_selection。重要度5、Safety4、臨床推論5。別経路での確認価値を評価。,
KN1096,感染性心内膜炎では弁上の疣贅が剝離して動脈塞栓を起こし、脳塞栓症を生じることがある,B,7,病理学,7,Q1107,False,5,5,2,5,4,5,5,1,49,A,TYPE_A Definition → Case,病理学のfact_recall。重要度5、Safety5、臨床推論2。別経路での確認価値を評価。,
KN1152,自律神経過反射では損傷高位以下の刺激を契機に交感神経活動が暴走し、著明な高血圧と損傷高位より上の発汗などを生じる,B,9,神経医学,9,Q1165,False,5,5,2,5,4,5,5,1,49,A,TYPE_A Definition → Case,神経医学のfact_recall。重要度5、Safety5、臨床推論2。別経路での確認価値を評価。,
KN1287,熱傷創に感染があると植皮床の血行や組織状態が悪化し、移植皮膚の生着を妨げる,B,7,病理学,7,Q1304,False,5,5,2,5,4,5,5,1,49,A,TYPE_A Definition → Case,病理学のfact_recall。重要度5、Safety5、臨床推論2。別経路での確認価値を評価。,
KN1521,ノロウイルスは汚染食品・水や接触を介して経口感染する,B,7,病理学,7,Q1547,False,5,5,2,5,4,5,5,1,49,A,TYPE_A Definition → Case,病理学のfact_recall。重要度5、Safety5、臨床推論2。別経路での確認価値を評価。,
KN0232,Brown-Séquard症候群の同側運動・深部感覚障害と対側温痛覚障害,B,9,神経医学,9,Q233|Q314,False,5,4,4,4,5,3,5,1,48,A,TYPE_F Result → Cause,神経医学のfinding_interpretation。重要度5、Safety4、臨床推論4。別経路での確認価値を評価。,
KN0280,仙髄温存による不全脊髄損傷の判定,B,9,神経医学,9,Q282|Q333,False,5,4,4,4,5,3,5,1,48,A,TYPE_F Result → Cause,神経医学のfinding_interpretation。重要度5、Safety4、臨床推論4。別経路での確認価値を評価。,
KN0560,高齢者では嚥下反射・咳反射の低下や口腔機能低下により誤嚥性肺炎が多い,B,8,内科学,8,Q568,False,5,5,2,5,4,5,4,1,48,A,TYPE_A Definition → Case,内科学のfact_recall。重要度5、Safety5、臨床推論2。別経路での確認価値を評価。,
KN0572,肘関節脱臼は転倒時に伸展位で手をつく機転などで生じ、尺骨・橈骨が上腕骨に対して後方へ脱臼する後方脱臼が最も多い,C,16,運動器,16,Q580,False,5,5,2,5,4,5,4,1,48,A,TYPE_A Definition → Case,運動器のfact_recall。重要度5、Safety5、臨床推論2。別経路での確認価値を評価。,
KN0635,Monteggia骨折は尺骨近位〜骨幹部骨折に橈骨頭脱臼を合併する損傷である,C,16,運動器,16,Q643,False,5,5,2,5,4,5,4,1,48,A,TYPE_A Definition → Case,運動器のfact_recall。重要度5、Safety5、臨床推論2。別経路での確認価値を評価。,
KN0841,除細動適応となりうる心室頻拍の識別,C,18,理学療法治療各論,18,Q850,False,5,5,2,5,4,5,4,1,48,A,TYPE_A Definition → Case,理学療法治療各論のfact_recall。重要度5、Safety5、臨床推論2。別経路での確認価値を評価。,
KN0847,Bennett骨折は第1中手骨基部の関節内骨折で、母指CM関節の脱臼・亜脱臼を伴う,C,16,運動器,16,Q856,False,5,5,2,5,4,5,4,1,48,A,TYPE_A Definition → Case,運動器のfact_recall。重要度5、Safety5、臨床推論2。別経路での確認価値を評価。,
KN0910,MRSA検出患者の接触予防策とPPE脱衣・廃棄手順,C,18,理学療法治療各論,18,Q919,False,5,5,2,5,4,5,4,1,48,A,TYPE_A Definition → Case,理学療法治療各論のfact_recall。重要度5、Safety5、臨床推論2。別経路での確認価値を評価。,
KN1119,肘関節脱臼は後方脱臼が最も多い,C,16,運動器,16,Q1130,False,5,5,2,5,4,5,4,1,48,A,TYPE_A Definition → Case,運動器のfact_recall。重要度5、Safety5、臨床推論2。別経路での確認価値を評価。,
KN1218,肺塞栓症は下肢深部静脈血栓由来が多く、下肢・骨盤手術後や長期臥床で多い,B,8,内科学,8,Q1233,False,5,5,2,5,4,5,4,1,48,A,TYPE_A Definition → Case,内科学のfact_recall。重要度5、Safety5、臨床推論2。別経路での確認価値を評価。,
KN1350,静脈うっ滞と凝固亢進により深部静脈血栓症を生じやすい,B,8,内科学,8,Q1373,False,5,5,2,5,4,5,4,1,48,A,TYPE_A Definition → Case,内科学のfact_recall。重要度5、Safety5、臨床推論2。別経路での確認価値を評価。,
KN1414,GBSは感染後に遠位から上行する対称性筋力低下で発症することが多い,B,8,内科学,8,Q1439,False,5,5,2,5,4,5,4,1,48,A,TYPE_A Definition → Case,内科学のfact_recall。重要度5、Safety5、臨床推論2。別経路での確認価値を評価。,
KN1490,GBSは上気道感染や消化器感染後に発症することが多い,C,18,理学療法治療各論,18,Q1515,False,5,5,2,5,4,5,4,1,48,A,TYPE_A Definition → Case,理学療法治療各論のfact_recall。重要度5、Safety5、臨床推論2。別経路での確認価値を評価。,
KN1531,ICUは易感染患者を守る目的などから区域により陽圧管理される,B,8,内科学,8,Q1557,False,5,5,2,5,4,5,4,1,48,A,TYPE_A Definition → Case,内科学のfact_recall。重要度5、Safety5、臨床推論2。別経路での確認価値を評価。,
KN0012,歩行時痛は消失し、ジョギングも可能であるが、切り返し動作で不安感を認めているを評価する,C,15,動作分析学,15,Q12,False,4,4,4,5,5,5,2,1,47,B,TYPE_K Static knowledge → Applied judgment,動作分析学のassessment_selection。重要度4、Safety4、臨床推論4。別経路での確認価値を評価。,
KN0024,足底のしびれ、振動覚低下、モノフィラメントでの感覚低下があり、暗所歩行に不安を訴えているを評価する,C,15,動作分析学,15,Q24,False,4,4,4,5,5,5,2,1,47,B,TYPE_K Static knowledge → Applied judgment,動作分析学のassessment_selection。重要度4、Safety4、臨床推論4。別経路での確認価値を評価。,
KN0025,箸操作の不器用さ、階段での手すり使用、上下肢腱反射亢進、両側Babinski反射陽性から、頸髄症による上肢巧緻運動と歩行機能の障害がみられるを評価する,C,15,動作分析学,15,Q25,False,4,4,4,5,5,5,2,1,47,B,TYPE_K Static knowledge → Applied judgment,動作分析学のassessment_selection。重要度4、Safety4、臨床推論4。別経路での確認価値を評価。,
KN0050,通常歩行速度、立ち上がり能力、Functional Reach Testは概ね保たれているが、過去1年間に屋外段差で2回転倒し、外出時に足元へ注意が集中しているを評価する,C,15,動作分析学,15,Q50,False,4,4,4,5,5,5,2,1,47,B,TYPE_K Static knowledge → Applied judgment,動作分析学のassessment_selection。重要度4、Safety4、臨床推論4。別経路での確認価値を評価。,
KN0057,負荷前後の筋力・歩行変化,C,15,動作分析学,15,Q57,False,4,4,4,5,5,5,2,1,47,B,TYPE_K Static knowledge → Applied judgment,動作分析学のassessment_selection。重要度4、Safety4、臨床推論4。別経路での確認価値を評価。,
KN0059,立脚期下腿前傾と装具設定,C,15,動作分析学,15,Q59,False,4,4,4,5,5,5,2,1,47,B,TYPE_K Static knowledge → Applied judgment,動作分析学のassessment_selection。重要度4、Safety4、臨床推論4。別経路での確認価値を評価。,
KN0081,脊髄小脳変性症では筋力が保たれていても、失調により歩行速度の変化、方向転換、人混みなど複雑な歩行場面で不安定性が増すを評価する,C,15,動作分析学,15,Q81,False,4,4,4,5,5,5,2,1,47,B,TYPE_K Static knowledge → Applied judgment,動作分析学のassessment_selection。重要度4、Safety4、臨床推論4。別経路での確認価値を評価。,
KN0086,四肢筋力は正常だが、体幹失調と左側への歩行偏倚があり、特に方向転換時にふらつきが増強しているを評価する,C,15,動作分析学,15,Q86,False,4,4,4,5,5,5,2,1,47,B,TYPE_K Static knowledge → Applied judgment,動作分析学のassessment_selection。重要度4、Safety4、臨床推論4。別経路での確認価値を評価。,
KN0096,方向転換時の感覚運動制御,C,15,動作分析学,15,Q96,False,4,4,4,5,5,5,2,1,47,B,TYPE_K Static knowledge → Applied judgment,動作分析学のassessment_selection。重要度4、Safety4、臨床推論4。別経路での確認価値を評価。,
KN0107,安定したBorg13での継続判断,C,15,動作分析学,15|17,Q107|Q148,False,5,4,5,4,5,3,2,1,47,B,TYPE_J Clinical case → Intervention choice,動作分析学のsafety_priority。重要度5、Safety4、臨床推論5。別経路での確認価値を評価。,
KN0111,翌日疲労に基づく運動量調整,C,15,動作分析学,15|18,Q111|Q151,False,5,4,5,4,5,3,2,1,47,B,TYPE_J Clinical case → Intervention choice,動作分析学のintervention_selection。重要度5、Safety4、臨床推論5。別経路での確認価値を評価。,
KN0373,発育性股関節形成不全の初期装具での屈曲・外転位保持,B,11,小児学,11,Q378,False,4,5,2,5,4,5,5,1,47,B,TYPE_A Definition → Case,小児学のfact_recall。重要度4、Safety5、臨床推論2。別経路での確認価値を評価。,
KN0553,中心性脊髄損傷は高齢者の頸椎過伸展外傷などで生じやすく、脊髄中心部の障害により下肢より上肢の麻痺が強いことが特徴である,B,9,神経医学,9,Q561,False,5,4,2,5,4,5,5,1,47,B,TYPE_A Definition → Case,神経医学のfact_recall。重要度5、Safety4、臨床推論2。別経路での確認価値を評価。,
KN0646,小児の上腕骨顆上骨折では上腕動脈障害により前腕虚血を生じ、Volkmann虚血性拘縮へ進む危険がある,B,11,小児学,11,Q654,False,5,4,2,5,4,5,5,1,47,B,TYPE_A Definition → Case,小児学のfact_recall。重要度5、Safety4、臨床推論2。別経路での確認価値を評価。,
KN0742,多発性硬化症は中枢神経系の炎症性脱髄疾患で、脳・脊髄・視神経などに時間的・空間的に多発する脱髄病変を形成する,B,7,病理学,7,Q750,False,5,4,2,5,4,5,5,1,47,B,TYPE_A Definition → Case,病理学のfact_recall。重要度5、Safety4、臨床推論2。別経路での確認価値を評価。,
KN0898,核上型神経因性膀胱では反射性排尿を利用できることがあり、恥骨上部などトリガーポイント刺激を試みる,B,9,神経医学,9,Q907,False,5,4,2,5,4,5,5,1,47,B,TYPE_A Definition → Case,神経医学のfact_recall。重要度5、Safety4、臨床推論2。別経路での確認価値を評価。,
KN1148,呼吸筋力が低下すると最大吸気・呼気が不十分となり、肺活量は低下する,B,7,病理学,7,Q1161,False,5,4,2,5,4,5,5,1,47,B,TYPE_A Definition → Case,病理学のfact_recall。重要度5、Safety4、臨床推論2。別経路での確認価値を評価。,
KN1156,脊髄髄膜瘤ではChiariⅡ型奇形や水頭症を高頻度に合併する,B,11,小児学,11,Q1169,False,5,4,2,5,4,5,5,1,47,B,TYPE_A Definition → Case,小児学のfact_recall。重要度5、Safety4、臨床推論2。別経路での確認価値を評価。,
KN1179,脊髄損傷後の異所性骨化は股関節周囲に最も多く、次いで膝など大関節周囲に生じやすい,B,9,神経医学,9,Q1193,False,5,4,2,5,4,5,5,1,47,B,TYPE_A Definition → Case,神経医学のfact_recall。重要度5、Safety4、臨床推論2。別経路での確認価値を評価。,
KN1277,神経性無食欲症では徐脈・低血圧・低血糖などが多い一方、飢餓に伴う脂質代謝異常から高コレステロール血症を示すことがある,B,10,精神医学,10,Q1293,False,5,4,2,5,4,5,5,1,47,B,TYPE_A Definition → Case,精神医学のfact_recall。重要度5、Safety4、臨床推論2。別経路での確認価値を評価。,
KN1310,頸髄損傷が胸腰髄損傷より多い,B,9,神経医学,9,Q1330,False,5,4,2,5,4,5,5,1,47,B,TYPE_A Definition → Case,神経医学のfact_recall。重要度5、Safety4、臨床推論2。別経路での確認価値を評価。,
KN1356,先天性心疾患で最も頻度が高いものの一つが心室中隔欠損症,B,11,小児学,11,Q1379,False,5,4,2,5,4,5,5,1,47,B,TYPE_A Definition → Case,小児学のfact_recall。重要度5、Safety4、臨床推論2。別経路での確認価値を評価。,
KN1379,錐体交叉は皮質脊髄路の構造で、錐体外路系には含まれない,B,9,神経医学,9,Q1403,False,5,4,2,5,4,5,5,1,47,B,TYPE_A Definition → Case,神経医学のfact_recall。重要度5、Safety4、臨床推論2。別経路での確認価値を評価。,
KN1474,高齢者、とくに転倒による頸髄不全損傷が増加している,B,9,神経医学,9,Q1499,False,5,4,2,5,4,5,5,1,47,B,TYPE_A Definition → Case,神経医学のfact_recall。重要度5、Safety4、臨床推論2。別経路での確認価値を評価。,
KN1520,組織低灌流に対する代償として呼吸促迫がみられる,B,7,病理学,7,Q1546,False,5,4,2,5,4,5,5,1,47,B,TYPE_A Definition → Case,病理学のfact_recall。重要度5、Safety4、臨床推論2。別経路での確認価値を評価。,
KN1522,骨転移では疼痛、病的骨折、脊髄圧迫、高Ca血症が問題となる,B,7,病理学,7,Q1548,False,5,4,2,5,4,5,5,1,47,B,TYPE_A Definition → Case,病理学のfact_recall。重要度5、Safety4、臨床推論2。別経路での確認価値を評価。,
KN0349,反復性肩前方脱臼で不安を誘発する外転・外旋位,C,16,運動器,16,Q352,False,4,5,2,5,4,5,4,1,46,B,TYPE_A Definition → Case,運動器のfact_recall。重要度4、Safety5、臨床推論2。別経路での確認価値を評価。,
KN0510,杖のチェックアウトの特徴,C,18,理学療法治療各論,18,Q518,False,5,4,2,5,4,5,4,1,46,B,TYPE_A Definition → Case,理学療法治療各論のfact_recall。重要度5、Safety4、臨床推論2。別経路での確認価値を評価。,
KN0577,COPDでは上肢挙上で肩甲帯筋が上肢運動に使われると補助呼吸筋として働きにくくなり、換気負担が増える,B,8,内科学,8,Q585,False,5,4,2,5,4,5,4,1,46,B,TYPE_A Definition → Case,内科学のfact_recall。重要度5、Safety4、臨床推論2。別経路での確認価値を評価。,
KN0579,腰椎分離症は椎弓の関節突起間部に疲労骨折などによる分離が生じる病態である,C,16,運動器,16,Q587,False,5,4,2,5,4,5,4,1,46,B,TYPE_A Definition → Case,運動器のfact_recall。重要度5、Safety4、臨床推論2。別経路での確認価値を評価。,
KN0616,上腕骨顆上骨折の基本事項,C,16,運動器,16,Q624,False,5,4,2,5,4,5,4,1,46,B,TYPE_A Definition → Case,運動器のfact_recall。重要度5、Safety4、臨床推論2。別経路での確認価値を評価。,
KN0621,低栄養は貧血、褥瘡、サルコペニア、骨折リスクなどと関連する,B,8,内科学,8,Q629,False,5,4,2,5,4,5,4,1,46,B,TYPE_A Definition → Case,内科学のfact_recall。重要度5、Safety4、臨床推論2。別経路での確認価値を評価。,
KN0636,国家試験対策では腰椎を正答として覚える,C,16,運動器,16,Q644,False,5,4,2,5,4,5,4,1,46,B,TYPE_A Definition → Case,運動器のfact_recall。重要度5、Safety4、臨床推論2。別経路での確認価値を評価。,
KN0641,NYHA心機能分類は心疾患患者の自覚症状と身体活動制限の程度をⅠ〜Ⅳの4段階で分類する,C,18,理学療法治療各論,18,Q649,False,5,4,2,5,4,5,4,1,46,B,TYPE_A Definition → Case,理学療法治療各論のfact_recall。重要度5、Safety4、臨床推論2。別経路での確認価値を評価。,
KN0647,偽関節は血流が乏しい骨折や骨癒合条件の悪い部位で生じやすい,C,18,理学療法治療各論,18,Q655,False,5,4,2,5,4,5,4,1,46,B,TYPE_A Definition → Case,理学療法治療各論のfact_recall。重要度5、Safety4、臨床推論2。別経路での確認価値を評価。,
KN0680,T1が小指外転筋に対応する,C,17,理学療法評価各論,17,Q688,False,5,4,2,5,4,5,4,1,46,B,TYPE_A Definition → Case,理学療法評価各論のfact_recall。重要度5、Safety4、臨床推論2。別経路での確認価値を評価。,
KN0686,Malgaigne骨折は骨盤輪の垂直不安定性を伴う骨盤骨折である,C,16,運動器,16,Q694,False,5,4,2,5,4,5,4,1,46,B,TYPE_A Definition → Case,運動器のfact_recall。重要度5、Safety4、臨床推論2。別経路での確認価値を評価。,
KN0700,COPD、特に肺気腫では肺胞壁破壊によりガス交換面積が減少し、肺拡散能（DLCO）が低下する,B,8,内科学,8,Q708,False,5,4,2,5,4,5,4,1,46,B,TYPE_A Definition → Case,内科学のfact_recall。重要度5、Safety4、臨床推論2。別経路での確認価値を評価。,
KN0712,股関節外転位を保持するPavlik harness（リーメンビューゲル装具）が用いられる,C,18,理学療法治療各論,18,Q720,False,5,4,2,5,4,5,4,1,46,B,TYPE_A Definition → Case,理学療法治療各論のfact_recall。重要度5、Safety4、臨床推論2。別経路での確認価値を評価。,
KN0717,Perthes病は小児の大腿骨頭骨端に生じる阻血性壊死で、治療では骨頭を臼蓋内に保ちつつ免荷する装具療法が行われる,C,18,理学療法治療各論,18,Q725,False,5,4,2,5,4,5,4,1,46,B,TYPE_A Definition → Case,理学療法治療各論のfact_recall。重要度5、Safety4、臨床推論2。別経路での確認価値を評価。,
KN0752,外傷性骨折の分類では、剝離骨折は筋・腱・靱帯の牽引で骨片が母床から完全に離れるため、通常は完全骨折として扱う,C,16,運動器,16,Q760,False,5,4,2,5,4,5,4,1,46,B,TYPE_A Definition → Case,運動器のfact_recall。重要度5、Safety4、臨床推論2。別経路での確認価値を評価。,
KN0754,慢性炎症、活動性低下、ステロイド治療などにより続発性骨粗鬆症のリスクが高くなる,C,16,運動器,16,Q762,False,5,4,2,5,4,5,4,1,46,B,TYPE_A Definition → Case,運動器のfact_recall。重要度5、Safety4、臨床推論2。別経路での確認価値を評価。,
KN0762,T5完全脊髄損傷の長時間車椅子座位で褥瘡高リスク部位を判断する,C,18,理学療法治療各論,18,Q770,False,5,4,2,5,4,5,4,1,46,B,TYPE_A Definition → Case,理学療法治療各論のfact_recall。重要度5、Safety4、臨床推論2。別経路での確認価値を評価。,
KN0773,気管呼吸音は気道内の乱流音が強く伝わるため、吸気・呼気とも強く、一般に呼気の方が長く大きい,C,18,理学療法治療各論,18,Q781,False,5,4,2,5,4,5,4,1,46,B,TYPE_A Definition → Case,理学療法治療各論のfact_recall。重要度5、Safety4、臨床推論2。別経路での確認価値を評価。,
KN0777,胸腰仙椎装具の骨盤帯は腸骨稜と大転子の間に位置させ、骨盤を安定して支持する,C,18,理学療法治療各論,18,Q785,False,5,4,2,5,4,5,4,1,46,B,TYPE_A Definition → Case,理学療法治療各論のfact_recall。重要度5、Safety4、臨床推論2。別経路での確認価値を評価。,
KN0790,上腕骨外顆骨折では成長障害や偽関節により外反肘を生じやすい,C,18,理学療法治療各論,18,Q798,False,5,4,2,5,4,5,4,1,46,B,TYPE_A Definition → Case,理学療法治療各論のfact_recall。重要度5、Safety4、臨床推論2。別経路での確認価値を評価。,
KN0857,距骨は血行が乏しく、頸部骨折などで血管損傷すると無腐性壊死を起こしやすい,C,16,運動器,16,Q866,False,5,4,2,5,4,5,4,1,46,B,TYPE_A Definition → Case,運動器のfact_recall。重要度5、Safety4、臨床推論2。別経路での確認価値を評価。,
KN0860,呼吸筋麻痺により肺活量や予備呼気量が低下し、咳嗽力も弱くなる,C,18,理学療法治療各論,18,Q869,False,5,4,2,5,4,5,4,1,46,B,TYPE_A Definition → Case,理学療法治療各論のfact_recall。重要度5、Safety4、臨床推論2。別経路での確認価値を評価。,
KN0900,自律神経障害が強く、起立性低血圧が高頻度にみられる,B,8,内科学,8,Q909,False,5,4,2,5,4,5,4,1,46,B,TYPE_A Definition → Case,内科学のfact_recall。重要度5、Safety4、臨床推論2。別経路での確認価値を評価。,
KN0901,視神経脊髄炎は自己免疫性中枢神経疾患で、視神経炎・脊髄炎を反復し再発と寛解を繰り返すことが多い,B,8,内科学,8,Q910,False,5,4,2,5,4,5,4,1,46,B,TYPE_A Definition → Case,内科学のfact_recall。重要度5、Safety4、臨床推論2。別経路での確認価値を評価。,
KN0930,高齢者の転倒では手をついて橈骨遠位端骨折を生じやすい,C,18,理学療法治療各論,18,Q939,False,5,4,2,5,4,5,4,1,46,B,TYPE_A Definition → Case,理学療法治療各論のfact_recall。重要度5、Safety4、臨床推論2。別経路での確認価値を評価。,
KN0968,COPD増悪時の急性高二酸化炭素血症性呼吸不全では、適応があればNPPVが第一選択の補助換気療法となる,B,8,内科学,8,Q978,False,5,4,2,5,4,5,4,1,46,B,TYPE_A Definition → Case,内科学のfact_recall。重要度5、Safety4、臨床推論2。別経路での確認価値を評価。,
KN0992,脊髄性運動失調では深部感覚障害を視覚で代償するため、閉眼で動揺が増えるRomberg徴候陽性が典型的である,C,18,理学療法治療各論,18,Q1002,False,5,4,2,5,4,5,4,1,46,B,TYPE_A Definition → Case,理学療法治療各論のfact_recall。重要度5、Safety4、臨床推論2。別経路での確認価値を評価。,
KN0994,僧帽弁閉鎖不全では左心系の容量負荷から肺うっ血を生じ、労作時呼吸困難など左心不全症状が早期に出やすい,B,8,内科学,8,Q1004,False,5,4,2,5,4,5,4,1,46,B,TYPE_A Definition → Case,内科学のfact_recall。重要度5、Safety4、臨床推論2。別経路での確認価値を評価。,
KN1005,松葉杖の使用について正しいのはどれかにおける危険回避・優先対応を判断する,C,18,理学療法治療各論,18,Q1015,False,5,4,2,5,4,5,4,1,46,B,TYPE_A Definition → Case,理学療法治療各論のfact_recall。重要度5、Safety4、臨床推論2。別経路での確認価値を評価。,
KN1052,橈骨神経が橈骨神経溝を走行するため骨折で損傷されやすい,C,16,運動器,16,Q1062,False,5,4,2,5,4,5,4,1,46,B,TYPE_A Definition → Case,運動器のfact_recall。重要度5、Safety4、臨床推論2。別経路での確認価値を評価。,
KN1093,骨形成不全症はI型コラーゲン異常などによる遺伝性疾患で、反復骨折・骨変形に加えて難聴を合併することがある,B,8,内科学,8,Q1104,False,5,4,2,5,4,5,4,1,46,B,TYPE_A Definition → Case,内科学のfact_recall。重要度5、Safety4、臨床推論2。別経路での確認価値を評価。,
KN1094,海綿骨を含む骨量が減少し、喫煙は骨折・骨粗鬆症の危険因子となる,C,16,運動器,16,Q1105,False,5,4,2,5,4,5,4,1,46,B,TYPE_A Definition → Case,運動器のfact_recall。重要度5、Safety4、臨床推論2。別経路での確認価値を評価。,
KN1154,高齢者の上腕骨近位部骨折は転倒で多く、骨粗鬆症に加え認知症も転倒・骨折の危険因子となる,C,16,運動器,16,Q1167,False,5,4,2,5,4,5,4,1,46,B,TYPE_A Definition → Case,運動器のfact_recall。重要度5、Safety4、臨床推論2。別経路での確認価値を評価。,
KN1161,多発性骨髄腫では骨融解病変により骨痛・病的骨折を生じる,B,8,内科学,8,Q1174,False,5,4,2,5,4,5,4,1,46,B,TYPE_A Definition → Case,内科学のfact_recall。重要度5、Safety4、臨床推論2。別経路での確認価値を評価。,
KN1177,SARAは脊髄小脳失調症などの運動失調を、歩行・立位・四肢協調運動などから評価する尺度,C,17,理学療法評価各論,17,Q1190,False,5,4,2,5,4,5,4,1,46,B,TYPE_A Definition → Case,理学療法評価各論のfact_recall。重要度5、Safety4、臨床推論2。別経路での確認価値を評価。,
KN1214,Colles骨折は橈骨遠位端の伸展型骨折で、腫脹や転位に伴い正中神経障害を合併することがある,C,16,運動器,16,Q1229,False,5,4,2,5,4,5,4,1,46,B,TYPE_A Definition → Case,運動器のfact_recall。重要度5、Safety4、臨床推論2。別経路での確認価値を評価。,
KN1217,Ca吸収低下から骨軟化症や骨量低下を生じ、骨粗鬆症リスクにも関与する,B,8,内科学,8,Q1232,False,5,4,2,5,4,5,4,1,46,B,TYPE_A Definition → Case,内科学のfact_recall。重要度5、Safety4、臨床推論2。別経路での確認価値を評価。,
KN1223,難聴・認知症のある患者から安全かつ適切に臨床情報を収集する,C,16,運動器,16,Q1238,False,5,4,2,5,4,5,4,1,46,B,TYPE_A Definition → Case,運動器のfact_recall。重要度5、Safety4、臨床推論2。別経路での確認価値を評価。,
KN1229,大腿骨頸部骨折は関節包内骨折で大腿骨頭への血流が障害されやすく、無腐性壊死を合併しやすい,C,16,運動器,16,Q1244,False,5,4,2,5,4,5,4,1,46,B,TYPE_A Definition → Case,運動器のfact_recall。重要度5、Safety4、臨床推論2。別経路での確認価値を評価。,
KN1272,分枝閉塞による腎不全・脳梗塞・脊髄虚血や、破裂による心タンポナーデを起こしうる,B,8,内科学,8,Q1288,False,5,4,2,5,4,5,4,1,46,B,TYPE_A Definition → Case,内科学のfact_recall。重要度5、Safety4、臨床推論2。別経路での確認価値を評価。,
KN1325,理学療法士としての安全・倫理・専門職行動を判断する,C,18,理学療法治療各論,18,Q1345,False,5,4,2,5,4,5,4,1,46,B,TYPE_A Definition → Case,理学療法治療各論のfact_recall。重要度5、Safety4、臨床推論2。別経路での確認価値を評価。,
KN1326,H反射は末梢神経を電気刺激してIa求心性線維を興奮させ、脊髄単シナプス反射を介して筋応答を記録する,C,18,理学療法治療各論,18,Q1346,False,5,4,2,5,4,5,4,1,46,B,TYPE_A Definition → Case,理学療法治療各論のfact_recall。重要度5、Safety4、臨床推論2。別経路での確認価値を評価。,
KN1380,不整脈や起立性低血圧など循環調節異常がみられる,C,18,理学療法治療各論,18,Q1404,False,5,4,2,5,4,5,4,1,46,B,TYPE_A Definition → Case,理学療法治療各論のfact_recall。重要度5、Safety4、臨床推論2。別経路での確認価値を評価。,
KN1433,洗髪は両上肢挙上を持続し、呼吸補助筋が上肢固定に使われるためCOPDで息切れしやすい,B,8,内科学,8,Q1458,False,5,4,2,5,4,5,4,1,46,B,TYPE_A Definition → Case,内科学のfact_recall。重要度5、Safety4、臨床推論2。別経路での確認価値を評価。,
KN1448,重力依存側となる腹側肺への血流が増える,C,18,理学療法治療各論,18,Q1473,False,5,4,2,5,4,5,4,1,46,B,TYPE_A Definition → Case,理学療法治療各論のfact_recall。重要度5、Safety4、臨床推論2。別経路での確認価値を評価。,
KN1533,手舟状骨は血流が乏しい部位があり偽関節を生じやすい,C,16,運動器,16,Q1559,False,5,4,2,5,4,5,4,1,46,B,TYPE_A Definition → Case,運動器のfact_recall。重要度5、Safety4、臨床推論2。別経路での確認価値を評価。,
KN1255,安静呼吸における吸気時,C,13,基礎運動学,13,Q1271,False,5,4,2,5,4,5,3,1,45,B,TYPE_A Definition → Case,基礎運動学のfact_recall。重要度5、Safety4、臨床推論2。別経路での確認価値を評価。,
KN0239,二次性骨癒合の血腫→軟性仮骨→硬性仮骨→リモデリング,C,16,運動器,16,Q240,False,4,4,2,5,4,5,4,1,44,B,TYPE_A Definition → Case,運動器のfact_recall。重要度4、Safety4、臨床推論2。別経路での確認価値を評価。,
KN0305,口すぼめ呼吸による呼気時気道内圧維持と気道虚脱抑制,C,18,理学療法治療各論,18,Q307,False,4,4,2,5,4,5,4,1,44,B,TYPE_A Definition → Case,理学療法治療各論のfact_recall。重要度4、Safety4、臨床推論2。別経路での確認価値を評価。,
KN0307,F波は運動神経を最大上刺激した際に興奮が脊髄前角細胞付近まで逆行し、再び末梢へ戻って生じる遅発反応で、神経根を含む近位運動神経伝導の評価に役…,C,17,理学療法評価各論,17,Q309,False,4,4,2,5,4,5,4,1,44,B,TYPE_A Definition → Case,理学療法評価各論のfact_recall。重要度4、Safety4、臨床推論2。別経路での確認価値を評価。,
KN0315,肺気腫で低下しやすい肺拡散能,B,8,内科学,8,Q317,False,4,4,2,5,4,5,4,1,44,B,TYPE_A Definition → Case,内科学のfact_recall。重要度4、Safety4、臨床推論2。別経路での確認価値を評価。,
KN0317,Borg 11〜13程度を用いた中等度運動強度,C,17,理学療法評価各論,17,Q319,False,4,4,2,5,4,5,4,1,44,B,TYPE_A Definition → Case,理学療法評価各論のfact_recall。重要度4、Safety4、臨床推論2。別経路での確認価値を評価。,
KN0358,ACBTの呼吸コントロール・胸郭拡張・強制呼出法,C,18,理学療法治療各論,18,Q362,False,4,4,2,5,4,5,4,1,44,B,TYPE_A Definition → Case,理学療法治療各論のfact_recall。重要度4、Safety4、臨床推論2。別経路での確認価値を評価。,
KN0369,腹臥位で圧迫を受けやすい顔面・胸郭・骨盤・膝部の褥瘡予防,C,17,理学療法評価各論,17,Q374,False,4,4,2,5,4,5,4,1,44,B,TYPE_A Definition → Case,理学療法評価各論のfact_recall。重要度4、Safety4、臨床推論2。別経路での確認価値を評価。,
KN0375,クラスター無作為化試験における施設単位の割付,C,18,理学療法治療各論,18,Q380,False,4,4,2,5,4,5,4,1,44,B,TYPE_A Definition → Case,理学療法治療各論のfact_recall。重要度4、Safety4、臨床推論2。別経路での確認価値を評価。,
KN0407,BODE indexのBMI・気流制限・呼吸困難・運動耐容能,C,17,理学療法評価各論,17,Q414,False,4,4,2,5,4,5,4,1,44,B,TYPE_A Definition → Case,理学療法評価各論のfact_recall。重要度4、Safety4、臨床推論2。別経路での確認価値を評価。,
KN0408,車椅子後輪車軸前方移動による操作性向上と後方転倒リスク増加,C,18,理学療法治療各論,18,Q415,False,4,4,2,5,4,5,4,1,44,B,TYPE_A Definition → Case,理学療法治療各論のfact_recall。重要度4、Safety4、臨床推論2。別経路での確認価値を評価。,
KN0591,第三脳室と第四脳室は中脳水道で連絡する,A,1,解剖学,1,Q599,False,4,4,2,5,4,5,4,1,44,B,TYPE_A Definition → Case,解剖学のfact_recall。重要度4、Safety4、臨床推論2。別経路での確認価値を評価。,
KN0730,血圧上昇を舌咽神経求心路で感知し、延髄を介して迷走神経遠心路が亢進し心拍数を低下させる,A,1,解剖学,1,Q738,False,4,4,2,5,4,5,4,1,44,B,TYPE_A Definition → Case,解剖学のfact_recall。重要度4、Safety4、臨床推論2。別経路での確認価値を評価。,
KN0797,錐体路である皮質脊髄路は内包から中脳の大脳脚を通り、橋・延髄へ下行する,A,1,解剖学,1,Q805,False,4,4,2,5,4,5,4,1,44,B,TYPE_A Definition → Case,解剖学のfact_recall。重要度4、Safety4、臨床推論2。別経路での確認価値を評価。,
KN0936,成人脊髄は通常L1〜L2椎体高で終末し、そこから馬尾となる,A,1,解剖学,1,Q945,False,4,4,2,5,4,5,4,1,44,B,TYPE_A Definition → Case,解剖学のfact_recall。重要度4、Safety4、臨床推論2。別経路での確認価値を評価。,
KN0962,Galeazzi骨折とJefferson骨折の定義,C,16,運動器,16,Q972|Q1354,False,5,4,2,4,4,5,4,1,44,B,TYPE_A Definition → Case,運動器のfact_recall。重要度5、Safety4、臨床推論2。別経路での確認価値を評価。,
KN1243,脊髄神経後根には脊髄神経節があり感覚ニューロン細胞体を含む,A,1,解剖学,1,Q1258,False,4,4,2,5,4,5,4,1,44,B,TYPE_A Definition → Case,解剖学のfact_recall。重要度4、Safety4、臨床推論2。別経路での確認価値を評価。,
KN1296,気管支は気管より末梢の下気道に含まれる,A,1,解剖学,1,Q1316,False,4,4,2,5,4,5,4,1,44,B,TYPE_A Definition → Case,解剖学のfact_recall。重要度4、Safety4、臨床推論2。別経路での確認価値を評価。,
KN1392,肺伸展受容器の情報は迷走神経を介して延髄・橋の呼吸中枢へ伝わる,A,2,生理学,2,Q1417,False,4,4,2,5,4,5,4,1,44,B,TYPE_A Definition → Case,生理学のfact_recall。重要度4、Safety4、臨床推論2。別経路での確認価値を評価。,
KN1396,肺胞換気量＝（1回換気量−死腔換気量）×呼吸数,A,2,生理学,2,Q1421,False,4,4,2,5,4,5,4,1,44,B,TYPE_A Definition → Case,生理学のfact_recall。重要度4、Safety4、臨床推論2。別経路での確認価値を評価。,
KN1455,咽頭は耳管を介して中耳腔と交通する,A,1,解剖学,1,Q1480,False,4,4,2,5,4,5,4,1,44,B,TYPE_A Definition → Case,解剖学のfact_recall。重要度4、Safety4、臨床推論2。別経路での確認価値を評価。,
KN1515,呼吸商RQはVCO2/VO2で、蛋白質約0.8、脂質約0.7なので蛋白質の方が大きい,A,2,生理学,2,Q1541,False,4,4,2,5,4,5,4,1,44,B,TYPE_A Definition → Case,生理学のfact_recall。重要度4、Safety4、臨床推論2。別経路での確認価値を評価。,
KN0551,高齢期の社会的孤立リスク,A,4,人間発達学,4,Q559|Q967,False,4,4,2,4,4,5,5,1,43,B,TYPE_A Definition → Case,人間発達学のfact_recall。重要度4、Safety4、臨床推論2。別経路での確認価値を評価。,
KN0279,起立3分以内の収縮期血圧20mmHg低下という起立性低血圧基準,A,2,生理学,2,Q281,False,3,4,2,5,4,5,4,1,42,B,TYPE_A Definition → Case,生理学のfact_recall。重要度3、Safety4、臨床推論2。別経路での確認価値を評価。,
KN0567,多職種で構成される病院内のカンファレンスに出席する際に、先輩から｢こにおける安全優先判断,A,6,医学概論,6,Q575,False,4,4,2,5,4,5,2,1,42,B,TYPE_A Definition → Case,医学概論のfact_recall。重要度4、Safety4、臨床推論2。別経路での確認価値を評価。,
KN0568,医療機関における患者の個人情報の取扱いで誤っているのはどれかにおける安全優先判断,A,6,医学概論,6,Q576,False,4,4,2,5,4,5,2,1,42,B,TYPE_A Definition → Case,医学概論のfact_recall。重要度4、Safety4、臨床推論2。別経路での確認価値を評価。,
KN0581,生活習慣病には高血圧、脂質異常症、糖尿病、脳卒中など生活習慣と発症・進行が関連する疾患が含まれる,A,6,医学概論,6,Q589,False,4,4,2,5,4,5,2,1,42,B,TYPE_A Definition → Case,医学概論のfact_recall。重要度4、Safety4、臨床推論2。別経路での確認価値を評価。,
KN0666,Bohr効果による酸素解離曲線右方移動,A,2,生理学,2,Q674|Q816,False,4,4,2,4,4,5,4,1,42,B,TYPE_A Definition → Case,生理学のfact_recall。重要度4、Safety4、臨床推論2。別経路での確認価値を評価。,
KN0770,臨床研究倫理・安全性に反する行為を識別する,A,6,医学概論,6,Q778,False,4,4,2,5,4,5,2,1,42,B,TYPE_A Definition → Case,医学概論のfact_recall。重要度4、Safety4、臨床推論2。別経路での確認価値を評価。,
KN0772,インシデントレポートを再発防止・システム改善に用いる安全管理判断,A,6,医学概論,6,Q780,False,4,4,2,5,4,5,2,1,42,B,TYPE_A Definition → Case,医学概論のfact_recall。重要度4、Safety4、臨床推論2。別経路での確認価値を評価。,
KN0794,廃用による骨萎縮の予防には荷重刺激が重要で、FESだけを骨萎縮予防の代表手段とするのは不適切,A,6,医学概論,6,Q802,False,4,4,2,5,4,5,2,1,42,B,TYPE_A Definition → Case,医学概論のfact_recall。重要度4、Safety4、臨床推論2。別経路での確認価値を評価。,
KN1010,体性感覚一次ニューロン細胞体が後根神経節にあること,A,1,解剖学,1,Q1020|Q1142,False,4,4,2,4,4,5,4,1,42,B,TYPE_A Definition → Case,解剖学のfact_recall。重要度4、Safety4、臨床推論2。別経路での確認価値を評価。,
KN1185,Heinrichの法則は1件の重大事故の背後に多数の軽微事故・ヒヤリハットが存在するという考え,A,6,医学概論,6,Q1199,False,4,4,2,5,4,5,2,1,42,B,TYPE_A Definition → Case,医学概論のfact_recall。重要度4、Safety4、臨床推論2。別経路での確認価値を評価。,
KN1502,事前に取得データ・リスク等を説明して同意を得て、途中撤回しても不利益がないことを保障する,A,6,医学概論,6,Q1528,False,4,4,2,5,4,5,2,1,42,B,TYPE_A Definition → Case,医学概論のfact_recall。重要度4、Safety4、臨床推論2。別経路での確認価値を評価。,
KN0230,NNTの計算と絶対リスク減少の関係,A,6,医学概論,6,Q231,False,3,4,2,5,4,5,2,1,40,C,TYPE_A Definition → Case,医学概論のfact_recall。重要度3、Safety4、臨床推論2。別経路での確認価値を評価。,
KN0293,曝露群と非曝露群の発症割合からリスク比を算出する,A,6,医学概論,6,Q295,False,3,4,2,5,4,5,2,1,40,C,TYPE_A Definition → Case,医学概論のfact_recall。重要度3、Safety4、臨床推論2。別経路での確認価値を評価。,
KN0370,症例対照研究で用いるオッズ比,A,6,医学概論,6,Q375,False,3,4,2,5,4,5,2,1,40,C,TYPE_A Definition → Case,医学概論のfact_recall。重要度3、Safety4、臨床推論2。別経路での確認価値を評価。,
KN0288,Cohenのκ係数による評価者間一致度,A,6,医学概論,6,Q290|Q420,False,3,4,2,4,4,5,2,1,38,C,TYPE_A Definition → Case,医学概論のfact_recall。重要度3、Safety4、臨床推論2。別経路での確認価値を評価。,
